Section,Name,How_knew_David,Tribute,Name_for_index
SEWTHA,Pilgrim Beart FIET,Cambridge technology innovator,"David achieved an extraordinary amount in a short life, and was a lovely person too. Here's how he's changed my life, in “numbers, not adjectives"": In 2008, an early proof of SEWTHA was a cold splash of reality, prompting me to pivot the smart home startup I'd co-founded, AlertMe, to focus on home energy management.  AlertMe became Hive, which today serves around three million UK homes and in 2025 claimed 6.2 TWh gas avoided and ~1.5 MtCO₂ avoided. David was a true polymath, with impact spanning education, startups, assistive technologies, and UK energy policy. I miss him and in this new era of LLMs, descendants of the statistical inference and information-theoretic ideas to which he contributed so much, I wonder what piquant observations he might make about their ""truth per joule""?","Beart, Pilgrim"
SEWTHA,Ben Coppin,,"David's book (SEWTHA) was a game-changer. It was so clear and objective, in contrast with most other materials available at the time on the subject of climate change. I was working at a startup, looking at how AI could be used to help consumers measure and reduce their energy consumption, and David was very generous with his time and his feedback. I still use quotes from his book and refer people to it today, as there really hasn't been a more clearly reasoned work on the subject since.","Coppin, Ben"
CLARITY,Dr Justin Hayward,,Both energy/materials books and ITILA. I wrote a generalised game show tribute to David and his Bayesian proof in my own book. His support of the Bayes inference approach inspired me. ,"Hayward, Justin"
CLARITY,Dr Leopold Parts,David was my University Supervisor during my Ph.D,"I interacted with David's inference research group at the Cavendish often, and personally with him a few times. Directly, the talks I gave to the group were deconstructed to get at the core of the problem, looking for clarity in both the setup and the solution, which forced me to level up my work. Indirectly, the ""everything is connected"" and ""everything is quantifiable"" philosophies expanded in ITILA and SEWTHA exposed a diversity- and reality-grounded worldview that I grew to subscribe to, as well as a very human whimsy that I learned to cherish in everyone. ","Parts, Leopold"
ITILA,Dr Weiwei Sun,University of Cambridge,ITILA has changed my understanding of machine learning.,"Sun, Weiwei"
INFORMATION_THEORY,"Professor Sir Harshad Bhadeshia, FRS, FREng",Darwin College,"Following a casual conversation during lunch at Darwin College, David and I developed a major collaboration. My area of expertise is physical metallurgy, and I was interested in understanding and applying neural network methods to model the relationship between the chemical composition, structure and complex properties in steels. These properties, such as toughness and fatigue, can be measured routinely and used in the safe design of engineering structures. They are, however, so complex that there is no adequate theory that can predict them, except in all but the simplest of cases that are not technologically relevant. Given our vastly different backgrounds, it took time and patience to establish a common language between us, but the collaboration turned out to be productive,
leading to a series of 14 joint papers, whose significance I described in my review paper of 1999.

David helped in particular to implement his Bayesian and evidence frameworks, which were seminal in avoiding the overfitting problem, leading to some remarkable quantitative predictions even when faced with myriads of input variables. He introduced the concept of modelling uncertainty, which is independent of the noise that is experienced when an experiment is repeated. This made the models safe to apply because it helped identify domains within the input space where knowledge is sparse or where estimates are made far beyond the known parameters. When combined with thermodynamics and kinetic theory, the work enabled, and continues to enable, the creation of novel alloys to be dramatically accelerated through a rational, evidence-based process that made maximum use of information and thereby reduced the resources needed for the task. Examples include fire-resistant steel, alloys for futuristic power plants and alloys used in the cast condition.

These successes led to David’s ‘bigback’ algorithm being adopted in materials research in many parts of the world; more generally, the strategy of combining mechanistic or thermodynamic modelling with informatic, ‘data-mining’ approaches has been very widely copied since then as a way to speed up materials discovery.","Bhadeshia, Harshad"
CLARITY,"Dr. Salvatore Scellato, PhD","Ex Director of Engineering at Google DeepMind, currently still working in Machine Learning","As a young and newly minted PhD student at the university of Cambridge I attended one of his lectures on sustainable energy. It was so inspiring, so clear, and so thought-provoking. I only then realised it was the same person how had written ITILA, the book I was studying on to better understand Machine Learning. 

Such an intellectual giant, such an inspiration.","Scellato, Salvatore"
ITILA,Eiko Yoneki,University of Cambridge,His pioneer work on Bayesian inference to neural networks really gave a new direction of work to me. ,"Yoneki, Eiko"
SEWTHA,Michael Liebreich,"Host, Cleaning Up","Renewable Energy Without The Hot Air was a breath of fresh air in the energy culture wars. It wasn't that it told me things I didn't know - indeed in some areas David profoundly underestimated the likelihood of technological and economic advances. But it demonstrated how we need to build energy policy on a foundation of science and engineering, not of politics, hope and self-delusion.","Liebreich, Michael"
DASHER,Jorge Tendeiro,,"
I am deeply humbled and eternally grateful for a chance to explain how Professor David MacKay saved my life.

Through a small, free, open-source app called Dasher, this remarkable man restored my voice, independence, and will to live. Dasher lets people with severe motor impairments write fluently using continuous gestures via mouse, joystick, head tracker, eyegaze, or any remaining movement. I’ve tried many other communication systems for the severely disabled, and yet, this obscure, exceptionally brilliant project, even today, has no  rivals in its simplicity, speed, or gentle usability—nothing out there is even in the same ballpark.

Diagnosed with Motor Neuron Disease in 2005, by 2009 paralysis had stolen my ability to type, write by hand, or speak clearly. Existing communication aids felt torturously slow and draining, each word an exhausting fight.

Then, in what still feels like providence, I found Dasher on the Inference Group site. Within a day, I wrote near my former speed. Within a week, I texted, emailed, and spoke via text-to-speech as naturally as before. This unassuming tool reopened my world.
Dasher gave me purpose each morning. I pursued online Philosophy studies, earned a writing degree and diplomas, and built a thriving online business. Above all, it kept me connected to family, friends, deep conversations, and the simple joy of being heard. These connections gave me the will and motivation for a life worth fighting for.
Without Dasher, despair might have won earlier, through my own choice or the disease’s relentless advance. Instead, it let me live as if I was going to live: dreaming, planning, and creating.

Twenty years into MND, I still write every word—including this tribute—with the tool he created. Professor MacKay’s legacy lives in the dignity and hope he quietly returned to me and countless others. I hope some students or professionals continue developing and improving this miraculous app for current and future generations. Who knows, it may be someone you know who will rediscover the will to live through using Dasher.
In closing, Professor MacKay didn’t just make software...he built a bridge back to my life.
","Tendeiro, Jorge"
INFORMATION_THEORY,"Dr. Soren Brage, PhD","MRC Epidemiology Unit, University of Cambridge. ","We worked together on inference of heart rate from noisy sensor data collected by wearables. We published the paper in 2008 with his PhD student Oliver Stegle as first author and we still use the method today in large population studies; this timelessness of the science is a testament to the academic values that David - and the academics around him - aspired to. As wearables are becoming more and more common in the general population, and as the pressure continues to build to produce cheaper and cheaper consumer products, I suspect the method will only become more relevant in the future if we are to gain true health insights from such data, a legacy of David's work that I am proud and humbled to share with him.   ","Brage, Soren"
DASHER,"Mick Donegan, PhD, MBE","At the time I met David I was Deputy Director of the ACE Centre, Oxford","I was introduced to David by ‘The Gatsby Foundation’ who, in the early 2000's, introduced us to each other and funded a joint project to optimise the use of Dasher for Eye Gaze. We called it 'The DECO (Dasher for Eye Control Optimisation) Project’. The outcome was highly successful in both raising awareness of Dasher and increasing the number of eye gaze users of the software. A talk I gave on behalf of both David and myself at the “ISAAC (International Society for Augmentative and Alternative Communication) Conference” in Brazil in 2006 was voted the best presentation of the conference. I was also fortunate enough to collaborate with David during the EU-funded COGAIN (Communication by Gaze Interaction) Project (2004- 2009) that involved Universities and Assistive Technology Centres from across Europe. I feel privileged to have known him and even more privileged to have had the opportunity to work alongside him. ","Donegan, Mick"
INFORMATION_THEORY,"Prof. Stephen Roberts, FREng",University of Oxford,"David’s work on Bayesian methods in machine learning fundamentally reshaped my sense of what was possible. Through his ideas, uncertainty stopped being a nuisance to be engineered away and became a first-class citizen, something to be understood and respected. Our conversations, ranging from the deep connections between uncertainty and energy–entropy tradeoffs to the hard, practical question of how to scale Bayesian methods to real-world problems, were endlessly fascinating. He had a rare ability to move effortlessly between principle and practice, showing that mathematical rigour, efficient computation and real-world application need not be at odds. What made David truly exceptional was not only the depth of his insight, but the generosity and clarity with which he shared it. He was never short of a wonderful analogy that could illuminate a difficult concept and he constantly encouraged thinking beyond accepted limits. In doing so, he helped extend the boundaries of the art of the possible, inspiring those around him to aim higher and think more boldly. His influence endures not just in methods and models, but in the way many of us now think about probabilistic learning, uncertainty and the creative reach of machine learning.","Roberts, Stephen"
INFORMATION_THEORY,John J Hopfield,,"David Mackay was one of the most selfless physicists I have known. 

He was a lecturer in my course at Caltech in the 90's. He wrote out problem sets and answers for the course. He wrote instructive books on energy and physics. Not only were the books useful, but he gave them away whenever possible. He understood the physics of every device he approached.

Finding himself with incurable cancer and in Addenbrooke's, he developed a public blog aiming at improving conditions in the ward, even with humor.  

A close associate who also completed his Ph.D with me at Caltech, was Sanjoy Mahajan, who is now on the Physics faculty at the University of Lund. I attach a photograph of me and David at the Royal Society in August 2012. 

Here is a quote I made in his original obituary:
"" John Hopfield has described as follows the positive impact David made at Caltech: 

No description of David at Caltech would be complete without mentioning the effect of his clarity of thought and exposition on those around him. He was a concise and constructive critic of the research of others, a joyful participant in wide-ranging scholarly debate."" 

A truly admirable man, worthy of great posthumous remembrance.

Thanks for your taking on this task, from the many whose lives he enhanced.","Hopfield, John"
INFORMATION_THEORY,Prof. Franck Tancret,Collaborator at the University of Cambridge 1998-2000,"I met David MacKay on a few occasions while I was a postdoc in Cambridge between 1998 and 2000, working on alloy design in the Department of Materials Science and Metallurgy with Harry Bhadeshia, who was a close friend of David. They had met as fellows at Darwin College, where the magic of Cambridge colleges operated exactly as it is meant to: through social events, people from very different academic domains meet, talk, get along, and sometimes imagine improbable collaborations. In this case, it was the application of learning algorithms to metallurgy, as tools for alloy design. What sounded like a rather bizarre idea at the time would become, in the following decades, one of the most active fields in materials science. Today, ""machine learning"" is present in most materials science studies worldwide. Back then, I was simply curious about these methods and about how they could be applied to my own field. Reading David's papers, discussing with him and using his codes, Bayesian learning progressively became as natural to me as using an optical microscope or a microhardness tester. It was only later, when I started presenting my work to the wider materials community, that I realised —through people’s reactions— that David and Harry had in fact opened up a completely new field of research. At the time, this sometimes meant being perceived as a curious beast or an extraterrestrial! I eventually lost contact with David, but all my career I continued to work on alloy design using these methods, trying to associate them to other tools. I followed with interest the rapid rise of ""artificial intelligence"", largely driven by deep learning. Yet, in retrospect, and considering the typically small, noisy, and scattered datasets encountered in metallurgy, I find David’s work on information theory and Bayesian learning and inference more inspiring than ever. As recently as January 2026, I had the opportunity to cite ITILA in a seminar entitled ""AI in materials science: small data versus big data"", highlighting the enduring relevance of David’s approach in an ""AI world"" obsessed with trillions of tokens and parameters. As an ""ultimate"" point, this also resonates with another of David’s messages: the importance of sobriety in both the treatment of data and the use of energy.","Tancret, Franck"
INFORMATION_THEORY,Sean Eddy,First met him at MRC-LMB in the 1990's. Wrote a short paper with him. Played ultimate frisbee with him on some Sundays!,"I first met David when I joined the MRC Laboratory of Molecular Biology in Cambridge in 1992 as a postdoc in computational biology. One of my postdoc mentors was Richard Durbin, Richard was working closely with Graeme Mitchison, and both Richard and Graeme had been talking to David about new inference problems arising in genome sequence analysis. David would come up to the LMB to join our computational biology discussion group.

David immediately saw every problem as a Bayesian inference problem. What's the data, what's the model, what are the parameters of interest, what are the nuisance parameters, what do you want to infer from the data; write down the probability of everything, turn the crank.  The clarity and swaggering confidence of David's approach was an epiphany. Suddenly the genomics problems I had been struggling to think about were illuminated in a common framework that always made sense and almost always worked. I became a convert and an acolyte to the gospel David preached to us. Sometime around when I first met him I asked him what the J.C. stood for in David J.C. MacKay and he said ""Jesus Christ"" with a straight face and to this day I'm not sure if he was joking.

I teach Bayesian statistical inference to undergraduate quantitative biologists at Harvard now, and every year there's the part where I stop to tell them about David.

","Eddy, Sean"
SEWTHA,Iain McLean FBA FRSE,Co-author and avid reader of SEWTHA," I may have been David’s most remote co-author. We were brought together by our third co-author, Roger Sewell, to write a paper on probabilistic voting schemes that bypass Arrow’s paradox (If you know why this matters, you know).The paper is 'Probabilistic electoral methods, representative probability, and maximum entropy' ""Voting Matters"" 2009. Though very remote from David’s main work, the paper has the unmistakable MacKay light touch and pedagogical deftness. The hard maths is in an appendix, replaced in the main text by A Tutorial Exposition. This is exactly the approach of David’s magnum opus  SEWTHA, which radically changed my lifestyle..

SEWTHA remains a pedagogic marvel. I keep it by my bed and reread p.24 constantly, to make sure I understand the difference between units of energy and units of power: a lesson the world and the media need as much now as they did then. It has completely changed my driving and house-heating habits (though on the latter I am not nearly as extreme as he was). Like many others I am fascinated by which of David’s predictions have done well and which have done badly. Solar and wind energy in the UK have expanded far quicker, and coal has disappeared far quicker, than he anticipated; on the other hand tidal generation, where the physics is rock-solid, has failed to go anywhere. Of course, some of the changes that have made David’s book out of date may be due to David himself and to Ed Miliband, who made the inspired appointment of David to be chief scientist at the energy department in 2009.
","McLean, Iain"
CLARITY,Neil Lawrence,"Student who attended inference group, later colleague, reader of books, I would hope friend!","David didn't just change my life, he continues to change, modify and mould. Not just through his works, actions and ideas, but also through his relationships. David didn't only inspire individuals, he inspired communities. 

Having David as a shared acquaintance is a ticket to a more sophisticated conversation. You simply have to ask, ""how would David have approached this"". While we cannot fully replicate what he would have done, we can aspire to approach it. We can remember together the precision his thinking would have brought to the problem. And as we debate the approaches we find that David still bonds us today. Whenever we are together we have more of David there than when we are alone. As he was fond of saying, everything is connected, and we are more connected because of him. 


","Lawrence, Neil"
PERSON,Dr Alan Lawrence MA PhD,Postdoc supervisor in the Inference Group,"I've had the pleasure of working with a few great minds such as David in various roles. All have seen further than I, but David stands out in a couple of ways. Firstly, these minds vary in how much patience they had with idiots like me. David seemed to have infinite patience. Secondly, in their efforts to apply their knowledge in helping others. David stood out in how he tried to both solve humanity's greatest problems (in SEWTHA) and to help those in greatest need (e.g. the Dasher project). He is sorely missed.","Lawrence, Alan"
CLARITY,"Professor Michelle Povinelli, PhD","Churchill Scholar and MPhil Student, 1997-8, Inference Group","David was a creative and original scholar who took real intellectual risks. He did not stick to a narrow field, nor try and ""maximize his output"" along a narrow technical trajectory. Instead, decided to take on one of the biggest problems of our age, how to make human energy usage sustainable, and attacked it head on, first through his book, and then through his work with government. His boldness is inspirational.","Povinelli, Michelle"
PERSON,David Duvenaud,"Had dinner with him once, know most of his students well.","I only spoke at length with David Mackay a couple of times, but he's loomed large in my life.  Both as the advisor to many of my friends and colleagues, but even more importantly to me, as a figure to emulate.

I have many colleagues and mentors who have excellent judgement in their areas of expertise, but what set David apart was his ability to weigh sensibly in on apparently any subject, without making a fool of himself.  I think in doing so he set the standard for how brilliant and accomplished people can and should carry themselves.

He didn't seek politics or drama for its own sake, but he equally wasn't cowed by the apparent expertise of others or the standard academic polite practice of leaving unfamiliar matters to those with the corresponding credentials.  By doing this, he provided a civilizational ""defense in depth"" against important fields becoming politically captured.

I also learned a lot from his blog detailing his dying of cancer.  I've attempted to emulate his amazing attitude when facing similar struggles.","Duvenaud, David"
CLARITY,Ruediger Urbanke,Colleague working in information theory and in particular coding.,"David was a wonderful colleague who brought a breath of fresh air into the information theory and coding community. He had an extremely broad background, with interests spanning statistical physics, machine learning, information theory, and sustainable energy. This allowed him to see things in a new light and to connect dots that had not been connected before. He was less interested in the epsilons and deltas—where our community often gets stuck—than in the broad and important ideas. He was always fun to talk to, with strong opinions and a great sense of humour. In one of our last conversations, when—who knows how—we got talking about his strong opinions, he pointed out that in his family his brother was the one who was considered opinionated! But most of all, any opinion was, to him, something to be tested by the scientific method. He is dearly missed, as a visionary, a great scientist, and as a friend.","Urbanke, Ruediger"
CLARITY,Professor Lewis Barlow,Read his book through a friend.,"David MacKay’s work runs through almost everything I do professionally. I reference him in nearly all of my training, not out of habit, but because his way of thinking about energy and climate change remains foundational.

What resonated most strongly with me—and still does—is his insistence on numbers, not adjectives. David showed that credibility in climate and energy discussions comes from doing the maths, being explicit about assumptions, and being honest about trade-offs. That approach has shaped how I communicate about decarbonisation: grounded, quantitative, and resistant to slogans, greenwashing, or what David himself would have called “bullshit”.

Through Sustainable Energy – Without the Hot Air, and through his lectures and videos, David also articulated something deeper than analysis alone: a clear motivation for why sustainable energy matters, without moralising or oversimplifying. He treated the audience with respect, trusted them with complexity, and showed that rigorous thinking is not a barrier to action but a prerequisite for it.

I am proud to help keep David’s legacy alive through my training and professional work. I regularly use his material—particularly his last interview with Mark Lynas —because it still cuts through in a way few others do. Not only because his legacy needs preserving for its own sake, but because the discipline, clarity, and intellectual honesty he championed are still urgently needed.","Barlow, Lewis"
SEWTHA,Mark Crouch,Read his book and inspired by his work,"David's work set me on the path to working on sustainable energy and decarbonisation. Reading SEWTHA inspired me to start thinking about climate change mitigation as a whole system problem, and based on solid evidence and analysis. After reading his brilliant book, I decided to take a sabbatical and study the Sustainable Energy Futures MSc at Imperial College. It was a highlight of my course to get David (then CSA at DECC) to speak as keynote at our MSc conference, where all the students presented our research projects. 

Following the course I took a career pivot to work on decarbonisation, which I have been doing for the last 15 years. Many years later in my current job, we have been working in emerging economies globally, helping governments to use the Mackay Carbon Calculator to inform their decarbonation and energy policies, and also working closely with DESNZ. David was a huge influence on me and countless others in applying ourselves to the energy and climate challenge. RIP!","Crouch, Mark"
SEWTHA,Peter Kydd CEng FICE,He was part of the client team at DECC,"I first read the on-line version of SEWTHA around 2008/9 and was amazed how one book could cover the essence of our energy system so effectively.  After David was appointed as CSA to DECC a year later, I was lucky enough to attend a lecture with him on Severn Tidal Power (I had led the consulting team advising DECC)   He turned up with his trademark briefcase and pulled out a printed copy of SEWTHA and handed it to me.  I use it to this day. ","CEng, Peter"
SEWTHA,Marc Deisenroth,,"David was a great inspiration to me as a PhD student. His wealth of knowledge was incredible, and the way he could explain and make connections were remarkable. He once told me (half jokingly) that he was shifting his research focus every 5 years or so because he believed he'd made enough of a contribution to the field that others can start picking up and solve the really hard problems. When he was working on SEWTHA, he was the first one who confronted me with some actual numbers on how we could get rid of fossil fuels and what kind of a huge task this will be; but it was possible. It was a great to see him looking at the very hard, societal problems with an approach of passion and pragmatism. In a sense this has planted a seed me and probably influenced my future direction.","Deisenroth, Marc"
SEWTHA,Simon Richards MSc MEI,Read his book,"I read SEWTHA whilst a head of sustainability at a FTSE250 firm (a role that I requested be established having held a succession of senior commercial roles there). The book made me want to study energy at postgrad level. I managed a few years later to fund that full time study, and one of my Professor's often quoted David (whom he had met). I read SEWTHA again, and sometimes cited it in my assignments. I decided to name Sir David in the dedication to my dissertation, and the logic in SEWTHA helped me achieve a Distinction. When I look at the framed degree certificate, and write my post nominal MSc I often think of David and quietly thank him.","Richards, Simon"
ITILA,"George Cybenko, Dorothy and Walter Gramm Professor of Engineering, Dartmouth College",Read ITILA,"I didn't know David personally but was a great admirer of his work.
ITILA is an enduring masterpiece to which I often refer my graduate students.  He was a
giant and is being sorely missed.","Cybenko, George"
SEWTHA,Mark Lynas,Friend and colleague,"I still miss David, and think about him often. The world is changing rapidly, on energy and climate and in many other ways, and I would have loved to still be able to hear David's insight and wisdom. People occasionally email me and ask about updating SEWTHA - I'm not sure why these queries come to me; perhaps because David and I did a roadshow many years ago showcasing his Calculator to live audiences. But I think SWETHA is of its time and still somehow timeless... having said that I'm perhaps more optimistic about the rapidity of the energy transition than I was when David wrote this book. The physics haven't changed, but the economics certainly have. I wish he were still around to see it. ","Lynas, Mark"
SEWTHA,Adrian Critchlow Founder of Australian Solar Group (co-founder of Booking.com),Met in Cambridge and read his excellent book,"David was amazingly open and helpful when we met and ultimately he inspired me to build utility scale solar farms in Australia, so hopefully he is looking down with a smile!","Group, Adrian"
PERSON,"Geoffrey Hinton CC FRS, Nobel Laureate",personal friend and professional colleague,"I first met David when I was presenting a poster at NIPS. He asked several questions about the work that made me think ""why didn't I think of that?"" After about 5 minutes I offered him a postdoc position in Toronto but he was already planning to take up a fellowship in Cambridge.  

David was incredibly talented but also very kind. He stayed with me quite often in Toronto when he was working with Radford Neal and he always brought Wallace and Grommet presents for my children who loved him dearly.

David immediately understood and appreciated the ""bits-back"" argument that was an important intuitive crutch when developing variational inference and learning.  The argument   asserts that the receiver can recover the random bits used by the sender to stochastically pick one of several possible codes for the same message. This means that those random bits can be used to transmit some other message, so the true cost of sending the message is the expected number of bits needed to send the selected code MINUS the entropy of the distribution from which it is selected. It has exactly the form of a free energy.  

In addition to being a brilliant scientist, David had a strong sense of social responsibility and he really made a difference with his SEWTHA book and his subsequent role as the government's chief scientific adviser on energy and climate change.  When he took up his government role, David asked me if I had any advice for him.  I advised him to wear long trousers. 

I was staying at David's house a few days before he took up his government position and at 6.05am the phone went. It was his new boss, the permanent secretary, calling to reprimand him.  The day before, he had given an interview to the BBC in which the journalist told him that someone had said that the UK would run out of energy in 2017 (or thereabouts). David said that was not right. The journalist then asked if it was possible. David, being a true Bayesian, said anything was possible. The lead story on the BBC science website the next morning at 6.00am was that the new scientific advisor said we might run out of energy in 2017. One of David's most endearing characteristics was his unwavering intellectual honesty which made it hard for him to see how people might twist his words. 

David's death was a huge loss for the scientific community and it is very sad that he did not live to see the eventual success of neural networks which had always fascinated him.

","Hinton, Geoffrey"
SEWTHA,Adrian Sharman,,"I found ""Sustainable energy - without the hot air"" in a second-hand bookshop and thought it sounded interesting. It started me on the path of doing much more research about sustainability that ended up completely changing my views on how society needs to be organised. SEWTHA is one of those books (along with Prosperity without growth by Tim Jackson) that I urge people to read if they want to understand where we are and what we need to do.","Sharman, Adrian"
INFORMATION_THEORY, Matthias Seeger,,"David is one of my science all-time-heroes, his writings and argumentation formed my thinking (I recall vividly him and Radford Neal taking apart frequentist arguments during a Royal Society of Edinburgh meeting). But even more (how is this possible?) than his putting ML and neural networks on a solid Bayesian foundation, I was impressed and guided by his work on Sustainable Energy.

Many many people (including myself) talk, but David
walks the walk. It is such a profound loss, and I often wonder what David's contributions would be to AI or Climate Change policy today, or whatever his great mind would have identified to address as the next big problem to bring clarity and action to.","Seeger, Matthias"
ITILA,Jose Miguel Hernandez Lobato,"Read his book, attended his lectures and talks. Built on his research on the Laplace approximation to neural networks.","David's book ""Information Theory, Inference and Learning Algorithms"" was my first serious introduction to Machine Learning when I was a PhD student. I loved it! David's work on the Laplace approximation to neural networks had a big influence in my own research.","Lobato, Jose"
ITILA,Tiago Peixoto,Read his books.,ITILA is probably the best textbook ever written.,"Peixoto, Tiago"
CLARITY,Jonathan Rougier,,"David, whom I did not know well, continues to influence me through his books, not just the material, but also the playful and engaging style, which I try to emulate, and the flashes of brilliance, which I never could.","Rougier, Jonathan"
INFORMATION_THEORY,"Roland F. Schwarz, PhD",we collaborated on DNA storage,"I only met David a few times during my work at EBI on the DNA storage project, but he left a lasting impression on me through both his brilliance and his kindness.","Schwarz, Roland"
ITILA,Max Welling,"We knew each other and of each others work, but never worked together.","David's work introduced me to the beauty of Bayesian ML. Moreover, I learned about MCMC and BP from his work. Of course I bought his book ITILA and I share his passion to act on climate change. (And I tried Dasher but failed to increase my typing speed..) He was a hero of a time where beautiful ideas still made a difference and AI was not just about scaling laws... ","Welling, Max"
CLARITY,Prof. Helmut Grubmüller,We met for just a few hours discussion on occasion of David's visit here in Goettingen for his lecture  within the scope of the Goettingen Autumn Literature Festival.,"I vividly recall David's visit to Goettingen, where we discussed with great pleasure and enthusiasm the physics of molecular motors. It was immediately clear
that David and myself were speaking a very similar physics language; combined with his insatisfyable curiosity, that was a very memorable day.
I should also mention that the reason we invited David to Goettingen was his visionary book on sustainable energy which, looking back from today's perspective,
got everything just right. Still, I wish politicians and decision-makers read this book, which, if really understood and applied, would change the world for better.
","Grubmüller, Helmut"
INFORMATION_THEORY,Stephan ten Brink,"the first time I met David was at my poster at the Turbo Symposium in Brest, France, Sept. 2000","He was very quick in capturing the ""core"" of novel technical approaches, and was benevolently sharing ideas on further improvements. During only 10min of discussion at my poster on convergence of iterative decoding (Turbo Symposium, Brest, France, Sept. 2000) I got inspiration and material for doing research for the next 3 years...","Brink, Stephan"
INFORMATION_THEORY,Brendan Frey,Friend and colleague,"David and I were good friends and collaborated on machine learning and digital communications. I liked that he was inspiring, direct and optimistic, both in our personal lives and in our research. We had a lot of great debates across a wide range of topics, from neural networks to how dangerous it really is to go over Niagara falls in a barrel. I miss him.","Frey, Brendan"
INFORMATION_THEORY,Roger Sewell,Family friend,David introduced me to the practical use of Bayes - from which I never looked back. He was also the best-behaved teenager I have ever encountered.,"Sewell, Roger"
SEWTHA,Philip Sargent,"From Cambridge, and worked together at DECC","Although I didn't meet him at the event, David came to the inaugural meeting of our Cambridge Energy Forum
in January 2005; where Sir David King gave the talk. David later said that this had renewed his determination to
do something in energy which resulted in ""Sustainable Energy without the Hot Air"". David came to a few of
the Forum meetings after that.

A software engineer, Adrian Wrigley, attending the forum meetings had an idea about tidal energy and I put him in
touch with David and the three of us formed a company, wrote a patent, and David applied for grant money to
support Adrian to continue the research. This was all in the first half of 2007. What happened next was typical
when you work with David. He had another think, and had some further inspiration (tidal energy has some tricky physics),
and he came to see that maybe we had had it all backwards: that a resonator at tidal frequencies was actually exactly
the wrong thing to do. At the same time we all determined that the experimental data we had been using for seabed
bottom friction was probably completely bogus: which killed the idea, resonant or not. None of us had any difficulty with
that conclusion but in retrospect I realise that this is not common human behaviour. Some of David's analysis
of the tidal physics remains unpublished and we should probably do something about that.

In 2012 the startup technology company I had been working at was running out of steam and a colleague of the Forum,
Tim, who knew David well, rang me to say that after a year or so as Chief Scientific Advisor to DECC, David still hadn't
managed to fill his team of engineers and would I be interested, or did I know anybody. Civil service processes are
not fast and it was 7 months later in October 2012 that I began work as a G7 engineer in David's immediate team of a dozen
engineers.

Working in DECC was great: I was surrounded by clever people, working on important issues in renewable heat and bioenergy.
The team's unfortunate habit of showing the rest of the department that favourite policy proposals often didn't add up
did not endear us to career civil servants, and David shouldered the responsibility of supporting us without a thought.
Despite what you might expect from an extraordinarily capable physicist, David had absolutely no difficulty in seeing
that what the department needed most urgently was engineers. His achievement in getting a substantial, if small,
central engineering team in place is one of his most important - but unsung - achievements. (That team is still there,
now in the Dept. of Energy Security and Net Zero.)

We were a rather informal group at DECC, encouraged by David. I remember our Christmas parties held in 3 Whitehall Place
in the late afternoon, where fancy dress was the rule and David would participate in pairwise space-hopper races
in a 20m course between the desks. Happy days.","Sargent, Philip"
ITILA,Matthew D. Hoffman,Fan of his work and collaborator with some of his students,"Sadly I never had the privilege of meeting him, but Professor MacKay taught me quite a bit through his papers, his book on information theory, and, by no means least, his brilliant (and brilliantly trained) students.","Hoffman, Matthew"
ITILA,Miguel Angel Yescas Gonzalez,I met David at Darwin College during my time in Cambridge (1998-2001),"From the beginning, it was clear that David was a man of deep convictions and genuine respect for others. His intellect was remarkable. I had the privilege of using his ITILA to build neural network models in materials science, and each time I did, I was reminded of his brilliance and clarity of thought.
David was exceptionally gifted, an ascending star in every sense. His legacy is enormous, not only through his scientific contributions but also through the integrity and kindness he showed to those around him. If he were still with us today, I have no doubt he would have reached even greater achievements.","Gonzalez, Miguel"
CLARITY,Pr. Eric Moulines,colleague working in the same field,"David  was a very brilliant mind. We shared many common interests: Bayesian networks, inference in hierarchical models, and also a desire to produce research that would not be entirely ‘sterile’ but would lead to real applications. I only realized too late the importance of his fight for a decarbonized world. I’m looking into what I can do.","Moulines, Pr."
SEWTHA,Dr Richard Kembleton,"Student, read his books, had some personal interactions about fusion energy","I attended David's lectures on information theory, and applied his methods during my PhD. Learning about inference from him changed the way I think about data and machine learning, and I still refer to ITILA and SEWTHA when I want to reduce ideas about information or energy down to bare essentials. We invited him to visit UKAEA during early drafting of SEWTHA and appreciated his openness and curiousity.","Kembleton, Richard"
SEWTHA,Hiroaki Minato,,David and his writings inspired me to contribute in the energy domain as a statistician.,"Minato, Hiroaki"
CLARITY,Phil Withers (Regius Prof. of Materials),Friend and colleague,"Meeting David (thanks to Harry Bhadeshia and Darwin college (and to a lesser extent the films of Charlie Chan (?) which I think Harry and David shared an interest in)) was a turning point for me - we started to work on applying neural networks to materials science with his help a long time before AI was in vogue.  Furthermore I was inspired by the way David was brave enough to apply the physics analytical approach to a wide range of topics outside his comfort zone  and then to follow it through, as evidenced by SEWTHA becoming Chief Scientific Advisor to the UK Department of Energy and Climate Change (DECC). I valued his warmth and guidance in all things Bayesian.  He is really missed.","Withers, Phil"
PERSON,Prof. Andreas Herz,,David loved this world and deeply believed that scientific reasoning can make it a better place.,"Herz, Andreas"
INFORMATION_THEORY,Nick Goldman,I knew David through the Cambridge 'probability community' and then as thesis committee member for some of my students and advisor on scientific projects and grants,"Many people will have more to say about David's brilliance in his own fields. My experience of him was more when he gave me and my colleagues and students the benefit of his probability and coding insights into problems in *our* specialisms. He was one of the very few people who could rapidly understand new problems and cut to the heart of them with fresh insights and actionable plans. Unlike some others with this skill, he achieved this in a way that made it feel like a valuable collaboration that you were being entrusted to proceed with, and not a trivial gift from a genius to a mere mortal. Which may have been what it was, but not what anyone wants to hear.

By acting in this way with me and my students in particular, I always felt he made a much greater contribution. We felt our research was interesting and important, and we always left with new ideas of where we could go next with it. The inspiration was arguably just as important as the actual advice.","Goldman, Nick"
PERSON,Prof Adrian Weller MBE,I read his books and reached out to talk. He kindly and patiently took time. I was thrilled and deeply honoured to be the first David MacKay Newton Research Fellow at Darwin College. David continues to be a huge inspiration to me and many others.,"I loved his books, I loved how he thought and his teaching style, and I loved that he put great efforts into trying to change the world for the better. I also hugely admire his amazing endurance and transparency in dealing with his health issues at the end.","Weller, Adrian"
ITILA,"Michael Betancourt, PhD",Read his book,"At the beginning of my PhD I was assigned a difficult data analysis project; in preparation I started looking for useful data analysis references.  One of my undergrad classmates recommended “Information Theory, Inference, and Learning Algorithms” and, as so many others have experienced, I was immediately fascinated.  David’s writing was lucid yet playful; I laughed as much as I learned, and I learned _a lot_.

I vividly remember the broken detector example in Chapter 3 demonstrating the natural interplay between statistics and science, and how it contrasted with the disconnect between statistics and science that had plagued so much of my academic course work.  My ongoing work on methodology that bridges statistics and science can all be traced back to that example.

His introduction to Hamiltonian Monte Carlo was my first real experience with Markov chain Monte Carlo.  It inspired not only a hand-coded implementation for my thesis analysis, but also a theoretical research program that lead to a deeper understanding of the method.  Those insights then made direct improvements to Stan, and from there many other probabilistic programming tools.  

A common theme in that Hamiltonian Monte Carlo research has been understanding the behavior of probability distributions and probabilistic computation in high-dimensions.  Here, too, David’s writing provided critical understanding.  The way I conceptualize and communicate these high-dimensional behaviors all derives from his discussion of typical sets and concentration of measure.

I had the privilege of meeting David in person a few times, and he never ceased to be kind and entertaining.  A few months before he passed we both attended a small workshop, which gave me the opportunity to thank him for his work and its influence on my own.  After ten years I am grateful to have the opportunity to continue sharing his work, and see how it continues to help and inspire others.","Betancourt, Michael"
INFORMATION_THEORY,Andrew Childs,"Student in his course and collaborator on ""Exact sampling from non-attractive distributions using summary states""","I learned information theory from David during a term spent as an exchange student at Cambridge in early 2000. His lectures and his book were both incredibly inspiring. David's teaching was a model of clarity, and he cared deeply both about the subject and about bringing it to a wider audience. I also had the amazing opportunity to do a small research project with David (and another Caltech exchange student) during that term. Working with David was wonderful. He gave us a framework and the freedom to explore on our own, and at the same time wasn't above getting into the weeds. I miss interacting with him, and I'm grateful for his impact on my career.","Childs, Andrew"
ITILA,David Barber,,"I first came across David's work in the early 1990s as I tried to understand Machine Learning, generalisation and overfitting. Amongst the different schools of thought, David's Bayesian approach stood out for me as a principled way to think about parameter fitting and model selection. His papers (and his PhD thesis) brought clarity to an otherwise confusing scene and he was gifted with the ability to explain his ideas simply and widely. David was a towering figure in our community and his influence was enormous, even after he later focussed his attention outside of Machine Learning.  He achieved so much in his scientific life, in Machine Learning, Information Theory and Energy -- an intellectual mentor to many. He pioneered free textbooks in Machine Learning, championed environmental causes,  donating money also to the defence of Sally Clark.  At his heart, David was a man of principle who passionately supported the causes he believed in. The world is poorer without him, but enriched by his lasting impact.","Barber, David"
SEWTHA,"Sylvain Condamin, PhD.","Student of his, read his book. ","I met David as an exchange student, and I am very thankful for his warm welcome in the Inference group. He had the rare ability to build bridges between different fields of research, as well as a deep sense of the greater good. SEWTHA was a masterful work, one of the best books made to enlighten the public debate. ","Condamin, Sylvain"
ITILA,Seb Wills,"student and postdoc of his, and personal friend","David's undergrad course on information theory and neural networks blew my mind wide open. Each lecture was a beautifully crafted story, Feynman-esque, with lecture notes that were the early drafts of ITILA. He was a teacher eager to take every opportunity to improve the clarity of insight he was offering, constantly seeking feedback. David's openness and inclusivity extended naturally to undergraduates. An email expressing an interest in a PhD in the Inference Group brought, by return, an invitation to chat over dinner at Darwin, and to attend the Group's weekly seminars. Looking back at some of these emails, I am reminded of his unique email style. Rather than inefficiently polishing and refining replies, he rattled them out at the command line, without the ability to edit what he'd written so far. Brain to text, always progressing, no looking back!

He radiated infectious enthusiasm and inclusivity. There were no artificial boundaries. Social justice cross-fertilised with academic research cross-fertilised with fun. Institutional limits were irrelevant, and he preferred to explore topics from first principles and in his own style, only later checking whether what he had derived was already known in the literature.

Go to him with a problem, and you'd come away with six more to investigate. Trying to keep up was not always easy for a PhD student, but it was truly inspiring. I am honoured to have been part of his world.","Wills, Seb"
SEWTHA,Dr. Saul Griffith,,"David was a legend in energy and environment using reason and his powers of communication, math, and estimation, to build logical frameworks for how to deal with the energy aspect of climate change. I met David through this work.  I think we started writing books on energy at about the same time, but with his typical discipline David beat me to publication by 5 or more years with the wonderful tome ""Sustainable Energy Without the Hot Air"".  My book Electrify (MIT Press) focussed this work on the American context and added policy context. I only got to meet David once, in Cambridge, and we spent a delightful few days. We shared more than an interest in energy, also in information theory and folding bicycles. His guided tour of Cambridge will be a lifelong memory for me, as are many little snippets he shared.  ""All human activity is folly"" was a wonderful way of expressing that we shouldn't judge other people's uses and desires for use of energy. His other sage advice: an electric blanket is by far the most efficient way to sleep warm. David was instantly lovable and I miss him dearly if only to see his name pop up in my inbox again to discuss some minutiae of energy and climate.","Griffith, Saul"
INFORMATION_THEORY,Amin Shokrollahi,,"I first came to know David through his pioneering work on LDPC codes in the late 1990s. I was deeply struck by the originality of his ideas and by the unexpected connections he revealed between coding theory, physics, and machine learning. Over the years, we collaborated on problems in coding theory, and he generously served as a co-referee for one of my PhD students at EPFL. What always stayed with me was the richness of his thinking: he had a rare gift for looking at a problem from multiple angles and drawing brilliant links between seemingly distant fields. Every discussion with him left me intellectually enriched. Ten years ago, I had the honor of speaking at the MacKay conference, shortly before his untimely passing. It was there that I fully appreciated the breadth of his impact—not only as a scientist and engineer, but as a human being whose curiosity, generosity, and integrity touched so many lives. His death was a profound loss for science at large, and especially for machine learning and information theory. He remains a role model for many of us.","Shokrollahi, Amin"
DASHER,Jade Theriault ,,"I love Dasher. I’m an artist and AT professional as well as a functional quadriplegic with limited hand use so the minimal clicking saves so much time. I also have ADHD and the speed and visual stimulation options are paramount to my focus. It almost feels like a gamified typing software. Best part is showing it off to my friends and colleagues for the “oos” and “ahhs.” I just know this project was developed with disabled people in mind, particularly those who are unsatisfied with most other accessible typing options. So I appreciate the work from David MacKay and whoever else is/was involved with this project.","Theriault, Jade"
SEWTHA,Dr Archy de Berker,"My girlfriend was a student of his, and recommended his book","David was a brilliant and brave polymath who inspired me to go to wherever the important problems were. He was willing to contribute at whatever level of technical depth was most impactful - from software to hardware to policy. I've tried to follow that example, putting on different hats and learning whatever skills were necessary to make progress towards the goal that he first articulated for me, building a decarbonized grid. 

Many brilliant academics bury their insights under layers of jargon and pomp - David was unusually able to share his clearly and simply, in a way that benefited far more people.","Berker, Archy"
INFORMATION_THEORY,"Prof. Philipp Hennig, PhD","I was the last PhD student to join the Inference Group, in 2007","A growing chorus of algorithmically amplified pied pipers seeks to fog our minds. David, though, wasn’t just committed to the truth, he also had the rare ability to infect others with the clarity of his thoughts. He transmitted lucidity through words, drawings, and code. To receive an individualised dose of this treatment was among the greatest privileges of my life. Because David spoke not to persuade, but to empower, people enjoyed learning even difficult truths from him. As humanity considers leaving the thinking to the machines, David's absence seems all the more painful. We lost a beacon, just as night began to fall.","Hennig, Philipp"
DASHER,Will Wade,Collaborated on Dasher,"I joined the Ace Centre just as the initial trials for Dasher were concluding. At the time, I was relatively new to the field, and though I had experience working with disabilities, I found myself constantly frustrated by the agonizingly slow interfaces of traditional communication systems. Seeing Dasher for the first time changed everything; I was absolutely blown away.

Over the years, I have returned to David’s videos time and again, drawn to his clarity and vision. My only regret is that I didn't have more opportunities to work with him directly. Since then, it has been my privilege to support over 50 people worldwide in using Dasher. To this day, nothing else—nothing—matches the speed and fluidity it offers to mouse and head-pointer users. Seeing users reach speeds of 32 WPM is a testament to David’s genius.

As we now seek funding for the next iteration of Dasher, incorporating modern language models and updated design, I am filled with hope. The future is bright, and while I am deeply saddened that David isn’t here to see it, I hope his family and colleagues know that his legacy is alive, thriving, and still changing lives across the globe.","Wade, Will"
PERSON,Anthony Heading,"worked in the same field,  he was a mentor ","David was extraordinary.   Inspiring, kind, wise, creative; endlessly insightful,  far ahead of me but tremendously patient and generous with his time.   I remember an afternoon in his rooms in Cambridge, one of Keith Jarrett's Sun Bear concerts playing on some fine vinyl turntable, when he solved a problem that had stumped me.    Effortlessly, and then he took the time to teach me a new subject and a whole new way of thinking.    If they say never to meet your heroes,  David was a perfect counterexample,  a fully-qualified intellectually giant in the abstract,  but then an amazing human being underneath. ","Heading, Anthony"
DASHER,Steve Saling,David was an online friend and mentor related to Dasher.,I met David online about 2 years before he died. I have ALS and had become a big fan of Dasher. He introduced me to Ada Majorek and I became intimately involved with the latest release of Dasher 5.0. To say David MacKay changed my life would be an understatement. He returned my voice that ALS had so cruelly taken from me. Thank you David. You will be remembered forever. ️❤️,"Saling, Steve"
DASHER,Owen Kent,,"As a person with a disability, David's work into alternative computer input has allowed me to communicate more effectively and live more independently in my community. Particularly during my college days, his software Dasher allowed me to graduate from UC Berkeley.","Kent, Owen"
ITILA,Philip Sterne,PhD student of his.,"ITILA was the book that convinced me to apply to David’s group. It was the first text I encountered that combined deep mathematical rigor with intellectual playfulness. I remember joking that my supervisor had written an academic chapter on why sex was important — but what really struck me was his ability to treat serious ideas with both precision and curiosity. That tone shaped how I came to think about research.

It was a privilege to spend 4 years with David doing a PhD. David had a rare combination - he was intimidatingly smart, and also yet so approachable and enthusiastic. I remember someone coming to give a talk on their PhD (probably in the hopes of a postdoc). Early on in the presentation they pulled up a slide with a specific loss function that they wanted to optimize. On seeing the loss function he immediately raised his hand, and predicted all the results that were about to be presented, but then he also listed his concerns that this was the wrong loss function. An absolutely devastating critique of the talk, and yet it was also obvious that this wasn't done in a mean way, it was just really important to him to get the details right. He was a good guy to have on your side!

Late in my PhD, I would periodically email David and admit how stressed out I was. He would always give me a time to meet and discuss things even though he was super busy with his new role at the Chief Scientific Advisor to DECC. He always had kind and encouraging words for me, and I would leave with a new energy and optimism.

I won't ever have David's smarts, but since then I have always tried to emulate his patience and kindness.","Sterne, Philip"
DASHER,Sebastian Pape,Through his many papers on Dasher,"He changed the life of many people around the globe through his work on Dasher, giving them a voice via a writing method build for those who could not use any other. Despite never being able to meet him before his passing, he ultimately also changed my life after I found Dasher, as it became my main research focus for my PhD in the last 6 years. Thanks David!","Pape, Sebastian"
SEWTHA,Steph Willis,Read his book and student of his,"David shaped my whole career. As a 17 year old wondering what I might usefully do in the world I read SEWTHA and was blown away. By the clarity of the thinking, by the back of the envelope maths. I loved it. Off the back of that I decided to do an Engineering degree and focus on clean energy. 

At uni I was then lucky enough to go to a bunch of his lectures and he just continued to be a massive inspiration. In particular his explanation of why stabilising emissions wasn't enough has always stuck with me: framing the area under the curve of CO2 concentration over time as ""suffering"" to make clear that getting emissions to zero isn't enough - that you will eventually need some negative emissions and maybe even solar radiation management to get back to baseline. 

I now work in climate tech and try and do something useful to move us towards electrifying heating. I get all of our team to read the book and have basically bought copies of it to give to colleagues at every job I've ever done. The fact I work on climate at all, how I think about it, and how I try to communicate about it are all directly because David wrote SEWTHA. 

I'm so indebted to him and so grateful to him and so so sad that he didn't have longer to have even more impact. ","Willis, Steph"
CLARITY,Dr Samuel Duffield,Great admirer of his work and books,David's approach and skill in determining and impacting valuable lines of enquiry provides an incredible example to us all. As demonstrated by his research and books which continue to provide great insight.,"Duffield, Samuel"
ITILA,Bastian Eppler,read his book,I learned so much from his book ITILA.,"Eppler, Bastian"
PERSON,Jossy Sayir,we worked together at the Department of Engineering in Cambridge in 2015-2016,"Working closely with David in the last year of his life had a profound impact on my teaching and on my work. I am grateful to have had the opportunity to be part of David's life and continue to apply much of what I've learned from him on a daily basis. I could write an encyclopedia of anecdotes from my time working with David but will pick one here. After inadvertently mispronouncing David's surname during a talk I gave in December 2015, I got the following short email from him: ""Oh btw, just a bit of error-correction: my name MacKay rhymes with black eye. (not pat{\’e})""
","Sayir, Jossy"
SEWTHA,Julian Allwood,,"At the same time David was developing the material for SEWTHA I was leading a team looking at the options for decarbonising industry - a topic which David treats only rather lightly in his book.  We swapped ideas during the process, and following the launch of his book, he kindly put me in touch with the same publisher, and we duly followed SEWTHA with our book ""Sustainable Materials: with both eyes open."" Once our book was out, David was a generous advocate for us, and chaired a Royal Society public lecture I gave on it, helping to promote it.  We continued to share ideas, particularly about scalability, throughout his time as CSA in DECC.","Allwood, Julian"
CLARITY,Cory Doctorow,,"There's no shortage of popular *science* books, and these are quite useful if you want to satisfy your curiosity about why things are the way they are. But David pursued popular *engineering* books, and these were an invitation to imagine *how things could be*. MacKay didn't satisfy your curiosity, instead, he instilled a hunger for action, by drawing our attention to the gap between the glorious possible and the dismal now.","Doctorow, Cory"
SEWTHA,Tim Coote,Read book became collaborator in a small way,SEWTHA was great for building arguments on sane approaches to combating climate change. I had a small interaction with David on some details in the text. I also got a lot of value from some of his work on HCI.,"Coote, Tim"
PERSON,Peter Coles,,"As I said at the time of his death:
I didn’t actually know David very well personally – we met only a few times – but on each occasion I was struck not only by his sheer intelligence, but also his energy and the force  of his personality. You meet few people who make such a lasting impression so quickly as David. He was forthright in his views, but always honest and engaging. The word “luminary” definitely applied to him. One time we met was at a meeting about Bayesian Cosmology about a decade ago. He asked a question during my talk, which triggered a lively discussion that carried on into the coffee break. I was impressed that he saw immediately how to tackle a problem that I had struggled with for months. I feel honoured to have made his acquaintance, however briefly, and can’t even begin to imagine what people who were closer to him must be feeling at his loss in such a cruel fashion. I send my deepest condolences go out to his family and friends. He was brilliant and amazing person, and will be greatly missed.","Coles, Peter"
INFORMATION_THEORY,Peter Dayan,Colleague,"There was never a better time at the Gatsby Computational Neuroscience Unit than 3:45pm when it was David's turn to give a talk. Perfectly crafted explanations of fascinating phenomena with hot tea, and nary a hint of hot air.","Dayan, Peter"
INFORMATION_THEORY,Andrew Eckford,Read his book and worked in related areas,"David was a professor while I was doing my Ph.D., and we happened to be working in the same area at the time: applications of statistical inference to information theory and error-correcting codes. I had the privilege of meeting him once, and I remember him being kind and gracious as I described my project to him. More generally, it was always a pleasure to read David’s work, especially his textbook. He had a unique perspective on information-theoretic work that made his work fresh and insightful, and he was clearly talented as both a scientist and a communicator.","Eckford, Andrew"
INFORMATION_THEORY,"Dave Forney, Adjunct Professor Emeritus MIT EECS",,"David MacKay was certainly a remarkable individual who, among a great many other things, made a huge impact on information theory and coding by his rediscovery of Gallager’s low-density parity-check (LDPC) codes and his demonstration that they could be used to approach the Shannon limit with loopy-belief-propagation decoding.  By now, LDPC codes have become the most widely used capacity-approaching codes in practice.","Forney, Dave"
PERSON,Mike Cates FRS,colleague and personal friend,"
I first got to know David on his return to Cambridge from Caltech, post PhD, initially via my younger brother Andrew. David bought a house close to mine on Thornton Road, and we frequently visited each other for meals, music and conversation. His intellectual integrity and personal generosity were apparent from the start. David introduced me to the romantic composers and many films, and I introduced him to the music of Arvo Part and to Shostakovich's 24 Preludes and Fugues. After I moved to Edinburgh in 1995 David became a regular visitor, and we went walking together in the Highlands. Our adventures included a traverse of the Aonach Eagach (the two of us, plus Matthew Bramley), which started around 4pm and ended in a nocturnal descent beside the Clachaig Gully that even David found alarming. But we were young-ish and fool-ish and the risks seemed acceptable at the time. 

A few years later (or was it earlier?) David patiently guided me to the tops of most of the Cuillins (in Skye), his scrambling skills vastly exceeding my own. This was during one of those magical summers when a high-pressure system gets stuck over the Highlands, creating unlimited sunshine and visibility for weeks at a time. Memories of that trip form a permanent highlight of my 20 years in Scotland. Sporadically throughout those years we discussed science, the energy crisis, atheism, environmentalism, vegetarianism, politics, our personal lives, and almost everything in between. 

I returned to Cambridge in mid-2015 and started seeing more of David and his family, but in less than a year he was gone. His funeral was marked by a hand-decorated cardboard coffin, a samba band, and children blowing bubbles across the grave. It was a fitting tribute to a life that, although cut short, was so purposeful and so well-lived.

Since then, the world has changed, though not for the better. During David's lifetime, fewer and fewer of our political and business leaders rejected the unambiguous warnings of science: bad choices, made now for short-term gain, risk extinguishing our collective future. Now, more and more of them not only reject the science, but gleefully embrace those bad choices, as a badge of political honour. Faced with such monumental folly, I doubt even David, were he alive today, could steer us onto a less destructive path. But I know he would try, and miss the combination of realism, optimism, energy and practical action that he would bring to the task.

","Cates, Mike"
INFORMATION_THEORY,"Dan Costello Professor Emeritus, University of Notre Dame",,"David's contributions to the field of Information Theory and particularly to Coding Theory were remarkable given that his ideas had such an immediate impact on the then nascent area of low-density parity-check (LDPC) codes.  The insights he brought to the construction of LDPC codes completely transformed the way researchers approached this problem, and they continue to influence the design of capacity-approaching codes to this day.  His time working in our field was far too short, but his achievements will never be forgotten.","Emeritus, Dan"
SEWTHA,Hannah Ritchie,Read his book,"David MacKay's work completely changed how I think and talk about energy. It's now my job to communicate challenges in energy, climate, environment and other topics; I do that through the lens of data, and I owe a huge part of that to David's book, SEWTHA. David had a talent for understanding the minute complexity of energy systems while being able to step back and see the bigger picture; that's what made his work so powerful, and why his legacy continues to this day. I would love it if he were still here today, not least to hear what he thought about how things have changed, and where we need to go next. I never spoke to David personally, but I owe him a lot. He is missed.","Ritchie, Hannah"
INFORMATION_THEORY,Coryn Bailer-Jones,I was his postdoc from 1997-1998 at the Cavnedish,"I learned an awful lot from David during my 1.5 year postdoc with him (1997-1998). He was full of ideas and energy, was widely interested (I remember one heated lunchtime discussion about the likely intelligence of stone age people), opinionated (aren’t all Bayesians?), sometimes impatient, but passionate about both teaching and learning. His group was working on a wide range of cutting edge problems, and I learned a lot from the extended discussions in our group meetings and our numerous visitors. I count David as one of a handful of deeply inspiring people I have had the fortune to interact with in my life.","Bailer-Jones, Coryn"
PERSON,Mike Pickles,He was a visiting lecturer at the African Institute for Mathematical Sciences (AIMS) when I was resident lecturer there 2003-6.,"I met David when he was teaching at AIMS. He was of course a brilliant man and a dedicated teacher, but what I particularly remember him for is an act of kindness. During my second year at AIMS, there had been some internal conflicts about the institute's direction that caused the loss of some of the leadership. The task of supporting students and ensuring continuity in the course largely fell to me, at the time a recent postdoc. David came and offered to move to AIMS full-time to help, an insanely generous offer which would have uprooted his whole life, but that conversation really helped me, both because of the offer itself and just the act of checking up to support someone more junior. David has been one of my role models, both as a researcher and a teacher.","Pickles, Mike"
SEWTHA,"Rt Hon Ed Miliband MP, Secretary of State for Energy Security and Net Zero",,"It was my privilege to work with Professor David MacKay when I was Secretary of State for Energy and Climate Change and he served as our first Chief Scientific Adviser. I will always remember his ability to think big, explain the complex in simple terms, and his passion for his subject. He is deeply missed for his wisdom, intelligence, values and humanity.","Miliband, Rt"
PERSON,Jonny Edwards,"read both books, and had some brief communications.","It's not so much the books or the outputs (although they are all genuinely astounding), it's more the person. For me David held the torch for genuine interest and excitement in new ideas, and had the real power to explain and innovate. He absolutely changed my professional life in so many ways, I ultimately started a business because he was very complementary about an idea I had. All I can say is I will try to pass on his enthusiasm and keep my own ""beginners mind"". Love and Thanks.","Edwards, Jonny"
ITILA,(anonymous),Student of his,David was always so clear and so right.  ITILA remains a point of reference despite how much the AI revolution has moved the field on since its publication over 20 years ago.  Many people in Cambridge and beyond have advanced their knowledge and understanding through its clear exposition of a diverse set of topics.,
CLARITY,Neil Gershenfeld,lots of mutual contacts,"David had a tremendous impact on my approach to mathematical modeling, through his uncanny ability to think simultaneously creatively and critically.","Gershenfeld, Neil"
CLARITY,Professor Per Ola Kristensson,Postdoctoral Advisor,"David was my postdoctoral advisor at the Inference Group in the Cavendish Laboratory when I was a Junior Resarch Fellow. I first met David in a workshop in Glasgow where someone in the audience kept interrupting my talk with a lot of questions. We spoke afterwards and I realised that spending time in his research group would be an eye opener. Before I met David I did not belive geniuses truly exist. You hear about some of them in the abstract but you tend not to encounter them in real life. David was a true genius. It is fascinating how his mind worked and how generous he was with his time, ideas, and intellect. David's books fully encompass the same ethos. They are about someone wanting you to truly understanding topics of great importance. The empathy to the student and the reader is always present. I feel very privileged having worked with David during those foundational years, which very much made me a different and better researcher and educator. I remember him sitting in his office working on his new book 'Without the Hot Air' until 1am in the Cavendish Laboratory. The wide range of intellectual contributions and the dedication to not just research or education but society at large is worth celebrating as an example of just how much it is possible to achieve in such a tragically short lifespan.","Kristensson, Per"
SEWTHA,Neil Kermode,Read his book,"SEWTHA was a breath of fresh air through the stuffy siloed booths of people bickering about irrelevancies of energy production and use. Of course we need to be efficient in our use of energy, but that might be better achieved by not buying the latest phone rather than making sure you get a new one with some 'eco' setting and unplugging the charger.

My greatest regret is that when he came up to Orkney to see the pioneering work on marine energy and general renewables work that I missed him. I was probably away from Orkney bickering with someone over the latest piece of governmental lunacy and missed his talk in the Royal Hotel. I always planned to get to see him in person another time...","Kermode, Neil"
SEWTHA,Alexander James Phillips,Read his book and exchanged some emails on UK energy.,"Looking back on his book and on our email exchanges, albeit too few, I realise now how huge an inspiration his approach was for my life trajectory.  I was equally bemused by the hot air of confusing conversation, so much so I quit my PhD in biotech at Cambridge to try to build some kind of new medium for collective sense making.  Fast forward 15 years and I'm still trying, but getting a lot closer now, and again I find myself returning to his work to act as another foundational pillar and guide in that journey.","Phillips, Alexander"
ITILA,Prof. Andrew Gelman,,"In his classic 2003 book on information theory, David wrote that, ""in many problems, we really only need about twelve independent samples.""  He explains:  ""Now, how accurately would a manager like to know [a parameter] Φ? I would suggest there is little point in knowing Φ to a precision finer than about σ/3. After all, the true cost is likely to differ by ±σ from Φ. If we obtain R = 12 independent samples from P(x), we can estimate Φ to a precision of σ/√12 – which is smaller than σ/3. So twelve samples suffice.""

This led me to wonder . . .  . . . where did the “12” come from in MacKay’s passage?  When I first saw the number there, I assumed it would have something to do with the variance of the uniform distribution. But that doesn’t seem to come up at all.  Accepting MacKay’s stipulation that σ/3 would be enough precision in this sort of example, shouldn’t he have said that 9 random draws would suffice?  I could see him rounding that up to 10.  Or even 16, if he wanted to get all base-2 on us.  But why 12?  I didn't get this at all.

So I asked David.  Here was his reply:  ""You said that can imagine rounding up 9 to 10 – which would be elegant if we worked in base 10.  But in the UK we haven’t switched to base 10 yet, we still work in dozens and grosses. . . . Probably in an earlier draft of the book in 2001 I said 'a dozen', rather than '12'. Then some feedbacker may have written and said 'I don’t know what a dozen is'; so then I sacrificed elegant language and replaced “dozen” by '12', which leads to your mystification.""

This reminds me that, when I was a kid, my dad told me that in Britain there was a Duodecimal Society, devoted to promoting base 12.  This was told to me in a ""There will always be an England"" sort of thing.  In writing this note, I was curious so I looked it up on the web, and it turns out that there is such a society, but it was first established in the United States.  So there!  I guess David was more American than he realized.","Gelman, Andrew"
INFORMATION_THEORY,Carl Edward Rasmussen,colleague and friend,"Tribute to David J C MacKay by Carl Edward Rasmussen

David was probably the person who influenced my thinking most, apart from my immediate supervisors. He was always kind, very generous with his time, and a clear and inspirational thinker. Our trajectories were surprisingly interwoven.

I first met David in Edinburgh in 1991. I was an engineering student at the Technical University of Denmark on a year long visit at the Centre for Cognitive Science in Edinburgh, and David was a PhD student at Caltech, visiting Edinburgh and giving a talk. His talk was on his thesis research on Bayesian inference in neural networks. This was a topic which I had never heard about at the time. And David's talk blew me away, I still remember it clearly. David's enthusiasm and clear explanations were extremely contagious. This one encounter greatly influenced my scientific trajectory. After returning to Copenhagen I wrote my MSc thesis on comparing David's evidence framework with the competing regularisation framework for training of neural networks.

During my thesis work I ran into some conceptual difficulties which had to do with certain mathematical limits governing inference. I had access to email, which was probably a bit unusual for students at the time. So I emailed David to ask for advice. Within a day I had an elaborate reply with calculations, explanations and plots, which helped me tremendously. I later discovered that it was typical of David to be so generous with his time. He thought it the most natural thing to help a stuck student who he didn't know.

When I joined Geoff Hinton's neural network group in Toronto, I found that David visited for a few weeks every summer. These were exciting times. I worked on Gaussian Processes, directly inspired by Bayesian inference in neural networks. David continued his work on Bayesian inference and worked on error correcting codes. His work on low density parity check codes clarified that these codes are able to reach the Shannon channel capacity limit, a fundamental result which wasn't widely known before David's work.

After my PhD I was a post doc at the Gatsby Computational Neuroscience Unit at UCL in London, where David had a part time contract. During this time I visited David's group in Cambridge and Darwin College multiple times, which was always very exciting and covering a wide range of topics.

David was a gifted lecturer. In his information theory course he would construct and analyse an error correcting code based on suggestions from the audience, an audacious and inspiring display of thinking on the fly. He was also demanding of his audience; once he jumped on the desk in the lecture hall, complaining that the audience wasn't interactive enough, ""this doesn't work for me!""

David's exceedingly high standards didn't always make it easy for collaborators. David's students had a bit of an informal support function, which stepped in when you'd experienced a bruising discussion with David about your research. I remember once having shared a draft of a paper about Occam's Razor with David. I met him a little while later, and asked him what he thought. I don't remember exactly what he said, I suspect my memory protects me with a little well targeted selective amnesia. But something like ""the worst paper I have ever read about this topic"". I hope he exaggerated at least a little bit for dramatic effect. But it hurt. And of course David was right. And I did fix it. 

David wasn't just a scientist in a narrow sense. He was also outspoken and a strong example for others with his engagement. Some of the topics which he contributed to where education ""Everyone should get an A"", justice (eg Sally Clark), international politics ""What is an illegal combatant?"" and climate change, among others.

David's book ""Sustainable Energy -- without the hot air"" was a great contribution. The core thesis of the book is to use back of the envelope calculations as a basis for energy policy. This view is epitomised by several quotes including ""numbers, not adjectives"". David went on to serve as Chief Scientific Advisor to the UK government, working in the Department of Energy and Climate Change (DECC).  

In 2015 David together with Crampton, Ockenfels and Stoft published a short paper in Nature ""Price carbon -- I will if you will"" about global climate cooperation and the power of common commitments. At the time, David said ""I think this is the most important piece of writing I have ever been involved in"". Despite David's monumental contributions including tranformative technical contributions and his books on information theory and sustainable energy, I do agree with David about the importance of the ideas in that paper. Unfortunately the rest of the world does not seem to share our enthusiasm for these ideas. But it is not without precedent that important ideas first appear ahead of their time and only get the attention they deserve much later.

It was a tragedy that David passed away so young. It was a privilege to have known and worked with him. May David's memory keep inspiring many of us in the future.","Rasmussen, Carl"
SEWTHA,Dr Patrick Royce,read his book,"I sadly never met David, but upon reading his amazing book SEWTHA, I was motivated into making a career change to work in clean energy and I'm sure he would be proud of how far we've come and how influential his work has been. By chance, for one of my first projects, I had the pleasure of managing the development of the MacKay Carbon Calculator, building on his calculator concept to help policy makers and the public gain a deeper understanding of energy choices and trade offs.","Royce, Patrick"
CLARITY,Oliver Johnson,Followed his work,"As a Cambridge Part III student thinking about directions for a PhD, I was blown away by David's generosity in sharing his time and insights over dinner in Darwin. Although we never worked together, I continued to follow his work with admiration from Bristol, and have sent more people than I care to remember in the direction of the treasure trove which is ITILA. His SWETHA approach to quantifying problems was always somewhere in my mind when doing pandemic public engagement in the COVID period.","Johnson, Oliver"
CLARITY,Peter Stevens,Student of his,"""if everyone does a little, we'll achieve only a little"". David possessed the rarest of qualities, an accurate and well developed sense of proportion, the ability to get most estimates right and the humility to revise them when appropriate. ","Stevens, Peter"
PERSON,Sanjoy Mahajan,"Friend, member of his lab, colleague","David had courage of many kinds.  His intellectual courage is well known and rightly respected.  Less known, he had social courage and campaigned for a better world -- be it for Sally Clark's release from jail or against the invasion of Iraq.  And strongest in my memory is how bravely David lived with his serious illness.  He is an example to us all.","Mahajan, Sanjoy"
CLARITY,Joseph Robson,collaborated on a paper at Cambridge (1998),"Briefly collaborating with David as a PhD student made a strong impression on me. His clear thinking, ability to get to the core of a problem, and patience in making something complex understandable have stuck with me many years later.","Robson, Joseph"
CLARITY,Dr Tony Robinson,We worked together in early neural net days.,"I have to admit that I was disappointed when David switched from Machine Learning to Sustainability.  He was clearly a genius in Machine Learning, we were going to miss him and surely someone else could sort out Sustainably.  Much later I realised he was right, he could just see it way before the rest of us.","Robinson, Tony"
CLARITY,Keith Vertanen,student of his,"With my students, the best I can hope for is to be a sad approximation of the kind of supervisor David was for me. He was always patient, provided insightful feedback, and was a master at the art of scientific communication. Learning from him was a remarkable experience that has profoundly shaped my daily work.

He taught me the golden rules of writing: 
Rule 1: Every sentence must be true. 
Rule 2: Every sentence should be clear, subject to rule 1. 
Rule 3: Every sentence should be concise, subject to rule 1 and 2.","Vertanen, Keith"
CLARITY,"Tom Loredo, PhD","We met as grad students at a MaxEnt meeting, and again at many subsequent meetings, and stayed in touch afterward.","Asked to comment on David's career, two words sprang immediately to mind: ""insight,"" and ""delight."" The image accompanying them is of David smiling at sharing or reaching some new insight at a scientific meeting—I don't think I've ever known anyone who took more delight in achieving insight. The next image is of David enthusiastically organizing an Ultimate Frisbee match!

David and I met at a MaxEnt meeting early in our respective careers—either my first one in 1989, or the next. We were both graduate students who had excitedly discovered Bayesian inference and were eager to apply it to data analysis problems in our respective fields, mainly computer science and machine learning for David (as he shifted from his initial physics focus), and astrophysics for me. David proved to have chosen the more receptive field (it would be about a decade before Bayesian methods became broadly accepted in astronomy; a bit more quickly for cosmology). We struck up an immediate academic and personal friendship. We stayed in close touch for several years, meeting every year or two at MaxEnt meetings, and corresponding by email in between. One of the most memorable compliments of my career was when David brought his then-girlfriend to hear one of my MaxEnt talks; he told me he thought highly of my talks and he wanted her to see one.

David leapfrogged me in understanding subtle aspects of Bayesian inference. After one of my talks, he asked a brief, perceptive question that I didn't know how to answer (about peculiar behavior in a Bayes factor calculation). It took nearly a decade before I saw what he was getting at (and wrote a paper on it). David asked me to review several chapters for his thesis, ""Bayesian Methods for Adaptive Models."" Of course, this proved to be more of a learning experience than an editorial one! I vividly remember how impressed I was with his chapter on ""Bayesian Interpolation,"" and how he expertly wielded the Bayesian Occam's razor idea to explain what was going on. The chapter on active data selection would later strongly influence papers I wrote on Bayesian adaptive exploration in astronomy.

With our careers leading in different directions, and especially when David took on his UK DECC role, we fell out of regular contact, but we'd each reach out to the other from time to time. I emailed him upon learning of his sustainable energy book and DECC appointment. Shortly after, a hardcover copy of his SEWTHA book showed up in my mail—a typical act of generosity from David!

David's graphical insight into the Bayesian Occam's razor, displayed in Figures 28.3 and 28.5 in ITILA, provided a major ""Aha!"" moment for me, and those figures have become influential. I once asked David how he came up with them. He told me he was just illustrating an equation he was struck by in a long 1990 review paper I had written for a MaxEnt proceedings, explaining Bayes factors and Occam factors mathematically. He had seen a way to explain what was going on that was more insightful (and delightful) than the math alone. Well, the equation wasn't really original to me; I had distilled it from previous work by Harold Jeffreys, Ed Jaynes, and Steve Gull (and I suspect David was being generous with his story; he'd probably seen the idea in Ed's and Steve's writing). That's just to say that we all stand on the shoulders of giants—and David's intellectual legacy certainly marks him as one himself.

I have a special shelf in my library where I keep the books that have most profoundly influenced my academic life. ITILA is on that shelf, among tomes by Harold Jeffreys, Ed Jaynes, and Dennis Lindley. Full of insight (and David's signature quirky delight), it belongs in that intellectual sacred space. I miss him!","Loredo, Tom"
PERSON,Dr Carl Scheffler,"I met him at AIMS, the African Institute for Mathematical Sciences, when I was a teaching assistant there. I eventually joined his Inference group at Cambridge as a PhD student.","Above all, David inspired me to become a great teacher.

I met David at AIMS, the African Institute for Mathematical Sciences in Cape Town, when I was a teaching assistant there. David's passion and excitement for physics, probability theory, and information theory were infectious, but it was his dedication to being a great teacher that was truly inspirational.

David could explain things so clearly that you wondered how they could not have made sense before. I later learned that he would spend hours improving his lectures, exercises, and explanations, aiming for perfection.

After a wonderful 3½ years in Cambridge as a PhD student in David's Inference group, and after a few years away from academia and in industry, I have for the past 9 years happily been spending my own working hours as a teacher, trying every day to perfect my art and to live up to the very high standard that David set. Even in his absence and the terrible loss it represents, he will always remain a mentor to me.","Scheffler, Carl"
PERSON,"Virginia de Sa, PhD ",friend and colleague,"David MacKay was one of the most principled people I know.  The quality effort he put into researching his academic areas was also directed toward important world issues; when he determined that something was important, he had the integrity and courage to advocate for it and also have it guide his life, without compromise for personal comfort.  He was also an incredibly clear thinker and an excellent, patient, teacher, generous with his time.","Sa, Virginia"
CLARITY,Marcus Frean,personal friend,"I met David when he came to Edinburgh in the late 1980's and ignited everyone's interest in all things probabilistic, with his positivity and quite astonishing clarity. Later, he helped me with my first paper on evolution, and we somehow became good friends. I'm very proud to have introduced him to ultimate frisbee, which I think he loved! A particular memory I have is when he visited New Zealand and we went walking in the hills, and he mentioned he was thinking of either getting into neuroscience or writing another book about energy... Of course, he did both. He once took my whole family with him to Wales -- my sons remember him looking after them and telling scientific stories with his characteristic flair and enthusiasm, and I remember the quite awesome sand castle we build on the beach. I used ITILA as  textbook for my 4th year course for years, and still recommend it to students -- often just as a way for people to see how to write with intent! If my mind is all over the place and I need to think more clearly, sometimes I'll just pick up that book and browse: it has the odd effect of making the reader feel sharper -- better! --by osmosis. I'm still so sad about his death. It still gets me at odd moments. I admired the hell out of him, and I still really miss him. His massive generosity of spirit. What a total legend. I feel there's more to say, but I don't really know how to say it. He was a very formative person for me. I wouldn't be the same person if I hadn't known him - that's a fact.","Frean, Marcus"
PERSON,Tadashi Tokieda,"Personal friend, read his books (indeed commented on drafts), colleague at Cambridge, frequent discussions on mathematics/physics/languages","I knew David MacKay well personally, we also discussed a lot of mathematics/physics together, so I was eager to contribute a tribute; I certainly have countless stories.  But I find myself tongue-tied.  Thus I realized that I still haven't processed his passing.  Sorry this turns out to be an empty entry.  Perhaps, that I'm still overwhelmed after 10 years says something about him.","Tokieda, Tadashi"
CLARITY,Yair Weiss,I met him at many conferences,"I remember reading David's ""Bayesian Interpolation"" paper when I was in graduate school and being blown away. It was so cleanly written with an almost impossible combination of mathematics and intuition. I now teach a course on ""Bayesian Machine Learning"" and I tell the students about a famous ML researcher who reportedly refused to go out to dinner with another ML researcher because he was not sufficiently Bayesian. I am not sure if this story is true (reportedly it happened after a talk at Gatsby) but from my informal interactions with David over the years, it is certainly plausible!  ","Weiss, Yair"
SEWTHA,Niall Mansfield,edited the first version of SEWTHA,"Here's how we published David MacKay's ""Sustainable Energy - without the hot air"", and how
it affected us and the wider world.

At a summer barbecue in 2008, a friend said some guy in the Physics Dept at Cambridge had a book he wanted published.  It sounded like ""some guy"" was a postgrad, or a postdoc, but I followed up and was very surprised I was dealing with a professor -- David.  We met for
lunch in Darwin, I was frank about how many (i.e. how few) books we'd published.  David
wanted his book to be available free as a PDF, which was very unusual in those days.  We
weren't very busy (with our few books) but this looked like a worthwhile effort.  The
downside was that a free PDF might kill all paid sales of the hardcopy book, so we did a
deal: David would buy 1000 copies at half cover-price, which would cover our basic costs.
By the end of lunch we had a deal.

Working with David as his editor was interesting and demanding, and rewarding.  He was a
brain-box but had neither false modesty nor arrogance.  He knew what he knew, and I could
rely on his being right.  If he didn't know, he would gratefully accept someone else's
wisdom (mine in this case, regarding how books are created) was was why it was rewarding,
and also unusual.  It's not uncommon for authors to view their book as a poster for how
clever they are.  SEWTHA was the opposite: it made *readers* see they were clever in their
own way, because it let them understand lots of complex and difficult issues.  It didn't
preach -- it informed.  It assumed readers were intelligent and could make up their own
minds, which they loved.  This was how it could be endorsed by a senior exec of a huge oil
company (Shell AFAIR), and also by Friends of the Earth.

The book was printed in time for a meeting in early Dec-2008 of the Cambridge Society for
the Application of Research (CSAR).  David was the typical author, confident that the
auditorium would be overflowing, whereas from my experience of book launches I knew we'd have just a handful of people, possibly an embarrassingly small handful.  But to humour our latest author I loaded up with dozens of boxes of our latest book.  At Churchill,
where the CSAR met, David was proved 100% right.  So many people turned up that the CSAR had to abandon its normal entry charge, and literally, there audience was flowing out the doors.  Our enormous sales on the first night overcame my embarrassment at being so
wrong.

The book continued to do very well -- many tens of thousands of copies, in the UK and the
USA and elsewhere.  We never had any figures for how many people downloaded the PDF, but it was probably a million or more.  And several foreign-language editions -- Chinese,
French, Hungarian, ... -- were published too.

Some specific appreciation of the book was important: we heard that the head civil servant
in the Dept of Energy and Climate Change (DECC) asked her people ""Why haven't we heard
about this before?"" and in due course David was appointed Chief Scientific Advisor (CSA)
at DECC.  He had concerns about how he well he would fit in the civil service milieu, but
it worked out well.  A big DECC projects he initiated was the 2050 Carbon Calculator, that
gov.uk says ""provides a model of the UK energy system that allows you to explore pathways
to decarbonisation, including net zero by 2050"".  This had global reach, and many
countries developed their own versions of the model.  David was CSA at DECC from 2009 to
2014, and others are better qualified than I to detail the wider influence he had on the
world.

For ourselves, David's book transformed what we did.  We were able to incorporate the
business of another publisher, Green Books into UIT, and we specialized in books on
sustainability, with my special area being sustainable (house) building, which we
continued until the end of the Covid-19 pandemic, when -- exhausted -- we sold our
business to Bloomsbury, who continue to publish SEWTHA and the other ""without the hot air"" books that SEWTHA inspired. 

At David's funeral at Barton woodland burial ground, lots of people spoke, giving their memories.  What surprised me was that there were so many aspects of his life and his character that I wasn't aware of -- such as his ongoing work with a youth club, and his statistics work that helped free Sally Clark. I remember in detail his mother's speech saying that when he was growing she had told him that there was nothing intrinisically good in his being the brain-box that he clearly was; what mattered was how he put that gift to use. I can't fault either her comment or how he effected it.
","Mansfield, Niall"
CLARITY,Richard Durbin,,"David was one of the brightest stars of the Cambridge intellectual firmament.  I was fortunate to interact with him repeatedly across the years, from early arguments about Bayesian inference and the origins of machine learning, to enjoyment of music, food and discovery with our mutual friend Graeme Mitchison, to the productive interactions of his student Oli Stegle with my student Leo Parts that led to successful careers of both in computational genomics, through to the memorable final symposium and dinner in his honour.  He was one of those people with whom it was always worth making time to talk, always passionate and always stimulating.  So sad for the world to have lost him so early.","Durbin, Richard"
CLARITY,Matt Davey,,"I first met David in 1995 when I was over from Dublin interviewing for a PhD place in the Cavendish, where his pitch in the prospectus stood out for the wide range of interests in his fledgling Information Theory group.  My distinct recollection is of him doing most of the talking, on a mission to enthuse me with all things Bayesian.  On some basis, he offered me a place.  That enthusiasm, and patience with people a lot slower on the uptake than himself, carried me through my Thesis.  During that time he was supervising me on error-correcting codes, plus projects on blind source separation, metallurgy, protein folding, and human computer interfaces. As my time there unfolded, what stood out for me was the generosity with which David would effortlessly and freely dish insights that would unlock a problem, or open up whole areas of research.  Gone far far too soon.
","Davey, Matt"
PERSON,"Prof. Dr David P Kreil, Boku University Vienna",,"I have had the privilege to experience David MacKay both as a mentor while I was a student and later as a unique colleague during my tenure as Research Fellow at Darwin College. Not only was he a brilliant mind but he typically was also the most passionate person in the room, whether defending big issues like scientific rigour or energy conservation or arguing about really anything else, even basic things like keeping the printers working at his group at the Cavendish. I learned a lot from him about passionate attention to detail, no matter how harsh his judgement could be at times or, perhaps sometimes, actually because of that. He was just as passionate about playful fun, whether that was enjoying his sports or building a watermill driven sheep spit roast in the College gardens. He lives on in the memories of so many.","Kreil, David"
PERSON,Tommi Jaakkola,I met David when I was a grad student (decades ago) in workshops & conferences,"David was an inspiring cross-disciplinary thinker and scholar with unstoppable energy and enthusiasm for discovery. He was an exceptional educator, always strived to uncover and share the essence of things. He had rare integrity and courage, as a scholar, as an advocate for progress.","Jaakkola, Tommi"
PERSON,Professor Anil Madhavapeddy,"I read and his book, and interacted with him at Cambridge events","Back in around 2011, I was just getting established as a lecturer and happened to go to a dinner at Darwin where I sat beside David. I didn't know who he was then, but we spent the whole dinner chatting about SEWTHA and Dasher. He was so passionate about data science and its potential for positive impact on society. A decade later, when I was pivoting my whole research career and setting up the Energy & Environment Group with Srinivasan Keshav, David was my direct inspiration that this was the right thing to do.","Madhavapeddy, Anil"
DASHER,Paivi Majaranta,,"We greatly appreciate the work David did for the benefit of people with disabilities, and are thankful for his contributions to the COGAIN network (Communication by Gaze Interaction, www.cogain.org). His work continues to inspire us.","Majaranta, Paivi"
CLARITY,Agustinus Kristiadi,,"I did not know David personally, only indirectly through Philipp Hennig, who was my PhD advisor. Even so, his influence on my work runs deep. My PhD and postdoc were built largely on his ideas from the 1990s — the Laplace approximation for Bayesian neural networks. His 1992 papers were my most-read papers throughout my studies. And even now, as I chart my own research direction, the threads keep leading back to his work from so many years ago. Science has long memory, and David's ideas are proving to be some of its most durable.","Kristiadi, Agustinus"
SEWTHA,Mike Ashby,,"All scientists talk about their ideas and, if they want to place them on the scientific stage, relate them to past work and present concerns. A few have the ability to pave at path of reasoning through the clouds of information and construct a structure base on scientific reasoning, not populist appeal, that conveys their meaning to the non-expert. David MacKay was one such person. His grasp of the big picture, his use of-magnitude physics to distinguish the relevant from the trivial, and his ability to assemble a picture that conveyed the possible from the merely hoped-for, was unique. Through his talks, papers and book (“Sustainable energy”) he leaves a legacy that has become the inspiration to
those who followed.","Ashby, Mike"
INFORMATION_THEORY,Prof Chris Williams,"I knew David via his work on machine learning from 1990 onwards, and met him quite frequently in the 1990s and into the 2000s. ","I first met David in 1990 when he visited Geoff Hinton's group at the University of Toronto.  At that time he was working on Bayesian approaches to neural networks, and he developed a very fruitful collaboration with Radford Neal. I well remember David's keen intellect and desire to get to the bottom of issues.  Bayesian neural networks were the origin of my work on Gaussian processes, based on Radford's proof that the limiting prior for a neural network with an infinite number of hidden units was a Gaussian process. David was very supportive of the early GP work, helping us to understand things better. I met with David quite frequently in the 1990s and into the 2000s.

There were so many things that we learned from David. One practical one was that he had arranged with CUP that his ITILA (2003) book would be made available freely online. This inspired Carl Rasmussen and I to negotiate with MIT Press to do a similar thing (after a grace period) for our book on Gaussian Processes for Machine Learning.

In the 2000s of course David switched his main focus to sustainable energy, realising the immense importance and impact that this topic would have. He had the courage to become the Chief Scientific Advisor to the Department of Energy and Climate Change, despite the
constraints that working in government would no doubt have imposed on a free-thinking academic. The whole world benefitted from his work in this field.

David was a great scientist who was taken from us far too early. I'm very glad that the Cambridge Philosophical Society is organizing the Energy and Information meeting to continue his memory.
","Williams, Chris"
CLARITY,Malcolm Longair,wrote the definitive Memoir of David's life for the Royal Society,"It was a privilege to be an author with Michael Cates of David's Biographical Memoir for the Royal Society.   There is little I can add to our broad overview of the breadth and quality of David's many contributions to science and society and his highly principled approach to everything he did.  We tried to reflect that in our summary of his achievement. 

In everything he did, David held to and practised high-minded principles. These included making the fruits of his research freely available to all, and living in as eco-friendly a manner as possible. To all his activities, he brought a formidable intellect which gained him world-wide recognition as one of the most inspiring scientists of his generation.

On a personal note, I particularly appreciate his very deep understanding of physical processes.  His great book Sustainable Energy - without the hot air seems effortless and yet it disguises his outstanding ability to reduce extremely complex problems to simple and convincing basic physics.  This is a much rarer gift than one might imagine and yet is at the heart of his inspiring genius in everything he did.","Longair, Malcolm"
INFORMATION_THEORY,Dr. Mohammad Emtiyaz Khan,read his books and works,"I never met David in person, but his work has heavily influenced my own research. When I was starting out in the field of machine learning, I had the pleasure to learn from David's book on ITILA. As I learned more about Bayesian principles, I realized how deeply David had thought these ideas and how broad his perspective was. I still remember that a few years ago when I was invited to give a tutorial on Bayes-related topic at a reputed ML conference, I was specifically instructed to follow David's tutorial from 1997 on Gaussian Processes that, according to the organizers, ""ave birth to a whole new area of research for the following ten years"". Such was the impact of his work. Many of my own works is influenced by ideas originally pioneered by David, including those in neural networks, Gaussian processes, and marginal likelihood. David was a visionary who believed in scientific work that also had real impact on the society (SEWTHA being a great example). Even today I take inspirations from his works and our whole community will continue to benefit from it for years to come. 
","Khan, Mohammad"
INFORMATION_THEORY,Tom Richardson,"Conferences, talks, etc.  Also enjoyed his book.","David's early work reinventing LDPC codes was critical in launching the modern version of the field. His clear and forceful thinking was an attractor for many, including myself.","Richardson, Tom"
PERSON,Patrick Thiran,"Read his books, invited him for a talk. ","David's book ITILA is an outstanding textbook that I used both for my teaching and research and his SEWTHA book is one of the most convincing books on sustainable energy. I remember vividly the passionate talk he gave at EPFL in May 2008. It was the first talk on sustainable energy that I ever attended, and that was so clear, principled, full of good energy, both in its content and its form. ","Thiran, Patrick"
ITILA,Prof Vincent Fortuin,"Read his book and worked at the same insitute, though after his passing","David's much too early passing unfortunately meant that I never had the privilege to meet him in person, but it would not be exaggerated to say that reading ITILA as a student was one of the main reasons why I am now working in Bayesian machine learning. During my time at CBL in Cambridge, I was always in awe at all the little stories and anecdotes about David that are still being fondly remembered there. Be it about his sharp and insightful comments during tea talks, or his quirky projects, such as bringing his laptop to an ultimate frisbee match to compute some Bayesian statistics on the game scores in real time.","Fortuin, Vincent"
PERSON,Diederik Kingma,Read his books and papers.,"David's book on information theory is a pearl, and was of great value during my graduate studies. This book and his papers were a great inspiration for my research during my PhD and beyond. His book on sustainable energy also had a great impact on me. His impact on myself and the wider world huge. Thank you, David!","Kingma, Diederik"
SEWTHA,"Nick Pidgeon, MBE, FBA, Cardiff University",,"David was a one-off, a genuine scholar and gentleman who also understood the urgency and complexity of the task that he had set himself - to bring mathematics, engineering and physics to bear in a transparent manner on the transition away from fossil fuels. While his approach did on the odd occasion come up against the political realities of government during his time as Chief Scientist at DECC, all of us who knew him at that time admired and valued the passion and intellectual effort that he put into this task. He remains sorely missed within the UK energy and sustainability research communities'","Pidgeon, Nick"
PERSON,James Geddes,"We worked together at DECC on the 2050 Calculator, a sort of electronic version of SEWTHA; and I had hoped to work with him afterwards.","Once someone asked me why the air gets colder as you go up. (It's about 1 ºC colder for every 100m up.) I thought about it and came up with a clever explanation. I told it to David and he explained to me that I was completely wrong. He wasn't *always* right but he was *nearly* always right; and he never, ever made you feel foolish for asking the question. To emulate his generosity of ideas and kindness with explanations I believe that it's enought to know that that is a thing one ought to do. It's much harder to work through those ideas in the first place. I try to remember, when I am disheartened, that David showed that asking the simple questions is always right, if you put in the effort to answer them. I still don't understand why it gets colder, though.","Geddes, James"
CLARITY,Andriy Mnih,Read his papers and ITILA,"I was introduced to David's work in Geoffrey Hinton's neural networks course, where two chapters from David's thesis were assigned reading. Reading them was an unforgettable experience, and ever since I admired David's ability to explain the essence of complex ideas in an intuitive yet precise way.","Mnih, Andriy"
SEWTHA,Professor Jonathan Cullen (PhD) ,Collaborated on research and contributed to SEWTHA,"David has an exceptional ability to simplify a complex problems into simple and understandable heuristics, where trade-offs could be considered. His book SEWTHA and the 2050 calculator work at DECC cut through the technical and policy jargon, bridged across discipline silos, and delivered a joint vision for reducing emissions, pragmatically. ","Cullen, Jonathan"
PERSON,Dr Julian Huppert,,"David was an inspiration to me and to so many others. I had the great good fortune to collaborate with him scientifically and politically, and I treasured working with him in both domains. He was fun to work with, and combined that light touch with underpinning seriousness - the work mattered, especially the ability for it to make a real difference in the world. I miss him immensely - but his ripples continue to resound around the world. ","Huppert, Julian"
INFORMATION_THEORY,Jarno Vanhatalo,,"I met David a couple of times in conferences and workshops but he
probably would not have remembered me. The first occasion was in the
[Gaussian Processes in Practice workshop in 2006 (https://gpss.cc/gpip/)
where I was presenting my work as a starting phd student. It was my
first ever conference/workshop and I was taken by the energy and clarity
by which he presented his tutorial to Gaussian Processes. Since then, I
often used his notes and papers in various occasions in my research.
However, he also gave an example to how a researcher can be more than
just a researcher. This was valuable to young me as well.","Vanhatalo, Jarno"
SEWTHA,"Professor Andrew Blake FRS FREng, Vice President, Clare Hall, University of Cambridge, Emeritus Distinguished Scientist, Microsoft",,"David had an intense career, and achieved so much in his shortened time with us. For one thing he was a gifted interpreter and expositor … one example: I had always found the classic Independent Component Analysis (ICA) inscrutable if not magical, but David’s tutorial laid it bare in just a few crystal clear pages, as a straightforward likelihood maximisation. Of course after a spectacularly successful career in Bayesian neural networks, and later in coding, he pulled off a startling pivot, and became the UK’s expert in sustainable energy supply. Afterwards, in his last year, I heard him at a lecture at Microsoft Research exhorting all ML experts to pivot likewise to the great climate challenge. I thought it was a great call to arms, and I have been doing it as best I can ever since.","Blake, Andrew"
CLARITY,Sebastian Farquhar,,"I never met David, but he shaped my life twice in big ways through his work. I first came across Sustainable Energy: Without the Hot Air as an undergraduate, and it gave me a transformative sense of the power of well-chosen illustrative calculations for understanding big issues. That book had quite a big impact on the very earliest days of effective altruism, although I have no idea what he thought of it. I came across his Information Theory, Inference, and Learning Algorithms somewhat later, and found it transfixing. I had just finished Jayne's Probability Theory with mixed emotions, but something about ITILA felt incredibly right. I spent a very happy summer working through his book each morning for a few hours in the first year of my DPhil. This was the summer before he passed away, and at the time I was very excited about reaching out to him, though I never did. I spent several years deeply engrossed in approximate inference from that start, though I've since moved away from it, and I doubt I'll be lucky enough to have enough time to properly sink my teeth into it again. But I'll always treasure the journey that his research took me on.","Farquhar, Sebastian"
CLARITY,Alan Yuille,,"When thinking of David, I immediately remember how Geoff Hinton joked that we should motivate David to work on  the convergence of contrastive learning. The plan was to write a paper that would seem to show insight but didn't really, hence provoking David to solve this problem himself. I went ahead, without Geoff, and published a paper like that in NeurIPS. In my defense, the paper did have some value because it introduced the community to Laurent Younes's work on the convergence of stochastic sampling.  I presented the work somewhere (Gatsby?) with David in the audience and heard him grumble about it, but sadly it did not provoke him enough to work on this topic. I enjoyed talking with David whenever I visited England --  at Gatsby or Cambridge -- not close enough to  a friend or collaborator  but as someone who was friendly and interesting to talk to. He was always original, insightful, and quick to grasp the key points. I became aware of him very early in his career because of his work at Caltech on learning receptive fields and, by coincidence, I'd overlapped with his brother Robert at Trinity and had heard a few talks by his father. I was struck by David's clarity of thought and particularly liked  his book on Information Theory, but was frustrated that the complexity and messiness of vision meant that ideas like model selection couldn't be easily translated.  I first started interacting with him at a meeting in Trieste about statistical physics and information theory (my memory is that David intercepted me when I arrived and started talking about belief propagation).  I was very impressed by how he switched fields and wrote his book on sustainable energy, showing how such a complex and emotive topic could be discussed in a rational  evidence based manner. I was curious how David would interact with politicians like Chris Hume (who had brutally demolished a political opinion of mine many years earlier at high school, and who was later jailed for lying about a speeding ticket). But David told me that Chris was a very good politician because he could be persuaded to change his mind in face of the evidence. For once I completely agree with my AI overview which tells me that  David was an iconoclast with the ability to cut through the twaddle. I wish he was still around because I'm sure he would not only have strong opinions on the current state of AI but would also be taking action.","Yuille, Alan"
INFORMATION_THEORY,Kazutoshi Ichikawa PhD,,"I had the privilege of working with David during my time as a graduate student, when we collaborated at Darwin College. Our work together focused on neural networks at a very early stage of AI research—long before these ideas became widely used by society. Beyond the research itself, what left the deepest impression on me was David’s way of thinking: his intellectual generosity, curiosity, and clarity of insight profoundly shaped how I went on to think as a researcher.
Being able to publish a co-authored paper with David remains one of my proudest achievements. His influence has stayed with me throughout my career, and I know that many others around the world have similarly benefited from his ideas and his spirit.
I am grateful for the opportunity to contribute these reflections, and I hope they help convey the depth of David’s impact.","Ichikawa, Kazutoshi"
SEWTHA,Anna Stephenson,colleague at DECC,"He was an inspiration - so kind, witty, thoughtful and clever - and he cared so deeply for the environment and trying to tackle climate change. I met him in the Cambridge Zero Carbon Society when I was a PhD student and was straight away in awe of his intellect, communication skills and passion for the environment. I therefore followed him into government, as an Engineering Advisor in DECC, whilst he was the Chief Scientist. He was an inspiration to work for - we were on a Mission to ensure evidence-based policy making was used in the Department; the phrases 'Numbers Not Adjectives', and 'Every Big Help' were often heard in everyday discussion in those days. He was very direct whilst always being positive - his technical assessment of anything was always spot on - and he wasn't afraid to say if policies were going in the wrong direction. This could cause tension - for example when he pointed out emissions from burning biomass are often worse than coal - but he got results and influenced for the better.  David had time for everyone, no matter their grade, and took the attitude you can always learn something new from whoever you are talking to. He always had a pot of tea (often Lapsang Sooshang) in his office and was open for anyone to come and talk.  He was also fun - he got involved in the Xmas floor parties, and was very competitive at space hopping races. We still miss him a lot in Government, and I often wonder what UK climate and energy policies would be like now if he was still around. He was an inspirational person , who really impacted and influenced my life as well as many others in DECC.
","Stephenson, Anna"
DASHER,Yvette Haas,"He's one of the key drivers of the Dasher Project, and I love Dasher.","Because of Dasher, I'm able to text with my friends at a speed that lets the conversations flow naturally and go on for hours, all without me getting tired. Without it, I wouldn't have the ability to connect with friends as much.","Haas, Yvette"
CLARITY,Ken Miller,,"I met David when he was a first-year grad student at Caltech. I was towards the end of my Ph.D., and had been invited to Caltech to give a talk. At some point this very polite, tall young man handed me a paper he had written and asked if I might take a look at it. That night in my hotel room, I took a look, not expecting much, and my jaw dropped. It was an analysis of a key paper in my specialization at that point, and I could only think ""Oh my god, this is brilliant. Why didn't I think of any of this?"". I thought about it for a few days after returning home to San Francisco and realized one key piece that was missing. I sent him an email on the very new internet/NSFnet, used only by academics at that point, and that was the beginning of a wonderful collaboration and friendship. That turned into David's very first published paper, on which I'm proud to have been a co-author. At some point in working on this, David visited me in San Francisco. I remember standing in the kitchen of my shared apartment as David was cooking breakfast. I mentioned to him an interesting finding from my Ph.D. work, on the difference between enforcing a constraint subtractively vs. multiplicatively, and David, standing at the stove, instantly saw in his mind the geometric picture that explained the difference, which you can see in Fig. 3 of what became our 2nd (and last) paper together. After I finished my Ph.D. I started a postdoc at Caltech, where we overlapped for I think 2 years and cemented a close friendship (and also finished that 2nd paper).

What was most striking about David was his mathematical brilliance, the depth and mastery of his mathematical understanding and his ability to wield all of it to gain understanding as simply as most people wield arithmetic; his wide-ranging and original thinking; and his absolute and fearless devotion to the truth, in all aspects of his life. We would talk constantly in the Caltech years. Pretty much every day, I would make some mistake that David would correct. About once a year, David would make a mistake. Because he had a very well-founded prior, based on lots of experience, that he was correct, it could take a long time to make him see the mistake -- which could be on something very simple. When he finally saw it, he would be stunned, terribly ashamed and terribly apologetic; I would just say to him ""David, you've made your mistake for the year; you'll make another one next year; don't worry about it."" I was talking with David through the years that he was discovering the wonders of Bayesianism, and he would excitedly tell me about it. I've never worked on probabilistic models, so pretty much everything I know about the field is what David taught me. David would talk about a range of really interesting, original ideas and insights he had into a variety of scientific issues, and it was gratifying to later see them all written up in one place or another in his ITILA book. David was absolutely committed to the truth: because of what he knew about climate change, he wouldn't drive a car, bicycling everywhere no matter the weather; and he would only minimally heat his house, wearing a sweater indoors as needed. This was a kind of fanaticism, a purity of mind, that also drove him to his spectacular later contributions to both understanding and making understandable to the public the issues around sustainable energy and climate change.

It's funny, David wasn't strikingly brilliant about all aspects of life, as judged by the following. My girlfriend at the time, who was a doctor but not a scientist, would frequently be involved in conversations with David and me on non-technical subjects. I remember her saying to me at some point, something like ""If you weren't constantly telling me how brilliant he was, I would have no idea"". Obviously very smart, obviously a very nice guy, but not obviously unique or singular to at least one insightful, non-technical person.

Anytime you know someone ""as a kid"", it's a little surprising to watch them become famous, influential, even legendary. But David's brilliance was clearly singular, very special and unique, as was his absolutely sincere purity of mind. If anyone I knew was going to rise to those heights, it's no surprise it would have been David. I learned a tremendous amount from David; if I'm lucky, he also learned something from me. It was a special and very valued friendship for me, as people and not just as scientists, that I'm sorry faded to some extent in the last decade or so of his life as he was immersed in other realms I had nothing to do with and we saw very little of each other due to geographical distance. I was very lucky to be a friend and collaborator of young David. ","Miller, Ken"
PERSON,Biswa Sengupta,,"David MacKay was one of those rare individuals who made you feel, simply by being in his presence, that understanding the world deeply was both possible and joyful. As my PhD advisor, he shaped not just my technical foundations in information theory, but my entire way of thinking about science.

What set David apart was the combination of intellectual brilliance and genuine warmth. He had an extraordinary gift for making the profound feel accessible — never condescending, always curious, always willing to sit with a confused student and work through an idea from first principles until the light came on. His patience was boundless, and his enthusiasm infectious. Working through problems with David felt less like being taught and more like being invited into a conversation he'd been having with the universe for decades.

His book Information Theory, Inference, and Learning Algorithms is, for many of us, not merely a textbook but a companion — a reflection of the way he thought: rigorous yet playful, deep yet generous. It carries his voice so completely that reading it still feels like hearing him think aloud.

Beyond the science, David was simply a good human being. Kind, unpretentious, and genuinely interested in people. He led by example — in his intellectual honesty, in his commitment to open science, and in the quiet but profound way he treated everyone around him with respect and care.

I am who I am as a researcher because of David. The world is a lesser place without him, and a better one for everything he left behind.","Sengupta, Biswa"
PERSON, David Spiegelhalter,,"I first met David when he arrived in Cambridge in the early 1990s, and he
seemed to immediately know everything about everything: neural networks,
Bayesian inference, Markov chain Monte Carlo, all the things I had taken years to
get any grasp of. He really appreciated the work we were doing in making
complex Bayesian analysis easily available to researchers. I remained in awe of
him over the years, and he was always so encouraging and helpful, and we
shared an obsession with trying to use whole numbers and simple arithmetic to
communicate complex ideas, whether energy usage or risk.
He was such a familiar figure, on his bicycle, ready with a smile, in his shorts and
sandals (and of course his socks). For a while we both played the bass drum in
a Samba band together. And then the next moment we were discussing the
iniquities of the Sally Clark case, where statistics had been horribly misused in a
wrongful conviction for murder.

I can get my own little tribute down to 75 characters: Probably the most intelligent, principled, and fun person I shall ever know.","Spiegelhalter, David"
SEWTHA,Andrew Harmsworth FRAS,"Kept bumping in to him at events in Cambridge, including his book launch, and became friends on social media - he helped me take on greenwashing in school sustainability ‘resources’.","As a physics teacher, David’s book launch lecture of SEWTHA was game-changing. Pupils of mine who were fortunate enough to hear him speak over many years were influenced in their higher education direction by him. It stands the test of time as the best PowerPoint presentation I’ve ever witnessed and I even teach pupils how to present like David! He sat behind a group of my sixth formers at the cinema for the Premiere of Age of Stupid, and he laughed at least as much as me. I feel deeply fortunate to have crossed paths with David for so many years and know that his work still generates ripples of change. What a legacy — he’d be amazed at the speed of technological change and the affordability of sustainable energy solutions. I’ve just had a Heat Pump installed and - of course - it was David who taught me all about them!","Harmsworth, Andrew"
SEWTHA,Stefan Paetke,,"I knew David via Darwin College and SEWTHA (remarkably incisive account) - great discussions over college lunches discussing cycling and making his and Ramesh's house energy efficient, such a loss to us all but very happy memories.","Paetke, Stefan"
DASHER,Professor Annalu Waller OBE,We collaborated on 'Bliss' Dasher,"David cared deeply about the world and valued people in all their diversity. In the midst of all his world-changing work, David made time and applied his creative genius to revolutionising the field of augmentative and alternative communication (AAC). By applying probabilistic modelling to language, David invented a text entry system which enables physically disabled typists to type at near-speaking rates in many languages. David and I collaborated on developing a version of Dasher to work with Bliss, a graphic-based language used by AAC users. We had such fun. Sitting in a pub in Cambridge, I had the absolute privilege of teaching David a 'new' language. His passion for improving life for everyone, and his humility in wanting to share in the lives of the most vulnerable, marked David out as one of the most inspiring individuals I have had the honour to call ... friend.","Waller, Annalu"
SEWTHA,Ben Tristem,online education entrepreneur,"David's book SEWTHA was recommended to me as ""by far the best analysis of sustainable energy I've read"". The book acted as a scaffold for year-long deep dive into the topic, and helped me to educate 1000s of people on the topic. Thank you David.","Tristem, Ben"
SEWTHA,Ian Llewellyn,We worked together at the Department of Energy & Climate Change (DECC),"David during his time as Chief Scientific Adviser at the Department of Energy and Climate Change, David set up the first engineering team in the department of whom I was one humble member. He was very generous with his time, and we all received a copy of SEWTHA suitably signed with which to guide us. David didn't mind being controversial when he knew that conventional wisdom was wrong and encouraged original thought, provided it could be supported by hard data. I think that David would be impressed by the progress we have made in decarbonisation since his death and our plans to achieve 95% decarbonisation of the electricity by 2030- a target that is only possible due to David's work.","Llewellyn, Ian"
SEWTHA,Ken Wright,Colleague at DECC,"David changed my life in many ways - not only acting as an inspiration for anyone with the spirit of intellectual curiosity about them but also, through work on the 2050 calculator, to forego meat in my diet for nearly 10 years now. I feel privileged to have had the chance to work with him directly and miss his brave, evidence-armed approach to life.  ","Wright, Ken"
CLARITY,Felicia Kemp ,David headed the Chief Scientist Advisor Team at DECC where I was a PA supporting one of the Scientist.   He always made time for everyone no matter what their grade was and that was so unique.  He was a special and caring person.   ,David made complex things simple to understand for someone like me who was a PA in his team.  ,"Kemp, Felicia"
INFORMATION_THEORY,Melanie Rey,"saw his talk on Information Theory and Sustainable Energy at ICML (Edinburgh, 2012)","I was still in my PhD years when I saw David MacKay's talk on Information Theory and Sustainable Energy at ICML (Edinburgh, 2012). More than a decade later, and still working in AI, I remember it as the best ML talk I have ever seen. Not simply because it was clever, surprising, and entertaining, but because it was fundamentally about sharing, sharing knowledge, and sharing passion. A bit of this passion has remained with me since. ","Rey, Melanie"